hero_kr,epithet_kr,faction,attr,key,skill_kr,tooltip_kr,mana,cooldown,learn_level,origin,namu_title
가래,캐릭터 모델 첨부 부탁드립니다.,센티널,민첩,E,유도 화살,12초간 지속되는 공격력 28의 유도 화살 1 / 2 / 3발을 자신이 바라보는 방향 550 위치에 소환합니다. 가래가 마지막으로 공격한 대상을 계속 추적 마법 면역 무시,80 / 95 / 110,10,1 / 4 / 7,,가래/카오스(워크래프트 3/유즈맵)
가래,캐릭터 모델 첨부 부탁드립니다.,센티널,민첩,패시브,다중 화살,매 공격마다 추가로 2 / 3 / 4개의 화살을 더 쏘아 최대 3 / 4 / 5명에게 동일한 피해를 입힙니다.,-,1 / 3 / 5,,,가래/카오스(워크래프트 3/유즈맵)
가래,캐릭터 모델 첨부 부탁드립니다.,센티널,민첩,패시브,숙련된 발사,"자신의 공격력을 5 / 10 / 15 증가시키며, 자신과 700 범위내 원거리 아군의 공격력을 10% / 20% / 30% 증가시킵니다. 원거리 공격력은 기본 공격력과 속성 증가으로 추가된 공격력만 비율로 상승",-,1 / 3 / 5,,,가래/카오스(워크래프트 3/유즈맵)
가래,캐릭터 모델 첨부 부탁드립니다.,센티널,민첩,W,화살 폭탄,"적에게 화살 폭탄을 사용해 300 / 400 + 자신의 레벨 X 50의 피해를 입히며 2초간 기절시킵니다. 주변 200 범위에 방사 피해를 입힙니다. 시전 대기시간 0.5초 건물에는 60%의 피해를 입힘, 최대 피해량 1100 / 1200 마법 면역 무시",150,150 / 135,6 / 12,,가래/카오스(워크래프트 3/유즈맵)
갈리토스,전차부대 대장,센티널,힘,E,메가엑스,"적을 도끼로 내려찍어 120 / 250 / 380의 피해를 입히고, 1.5 / 2.25 / 3초간 기절시킵니다.",75 / 100 / 125,9,1 / 3 / 5,원전은 오스마르 가리토스이다. 받침에 주의.,갈리토스
갈리토스,전차부대 대장,센티널,힘,R,전기 충격기,"공격력 20 / 35 / 50 / 65의 전기 충격기 3개를 소환합니다. 공격 타입 마법, 공격 속도 1",3 / 4 / 5 / 6,-,1 / 4 / 7 / 10,원전은 오스마르 가리토스이다. 받침에 주의.,갈리토스
갈리토스,전차부대 대장,센티널,힘,F,마법 방패,"습득시 영구적으로 마법 방어력이 4% / 7% / 10% 증가합니다. 적의 타겟형 마법을 자동으로 1회 막아주고, 마법 방어 발동후 2 / 2.5 / 3초간 기절 면역 상태가 됩니다. 기절 면역은 수동으로 사용할 수도 있음",-,15,1 / 3 / 5,원전은 오스마르 가리토스이다. 받침에 주의.,갈리토스
갈리토스,전차부대 대장,센티널,힘,W,희생의 전차,희생의 전차를 소환합니다. 전차 스펙은 아래 참조,150 / 200,165,6 / 12,원전은 오스마르 가리토스이다. 받침에 주의.,갈리토스
구르르,캐릭터 모델 첨부 부탁드립니다.,스콜지,힘,D,망치 던지기,적 유닛에게 망치를 던져 50 / 125 / 200의 피해를 입히고 1 / 1.75 / 2.5초간 기절시킵니다. 또한 대상과 대상 주위 200 범위내 적 유닛에게 100 / 150 / 200의 피해를 입히고 0.5 / 1 / 1.5초간 기절시킵니다. 분노 사용시 분노의 망치 던지기로 강화됨 D - 분노의 망치 던지기 적 유닛에게 망치를 던져 150 / 225 / 300의 피해를 입히고 1 / 1.75 / 2.5초간 기절시킵니다. 또한 대상과 대상 주위 300 범위내 적 유닛에게 100 / 150 / 200의 피해를 입히고 0.5 / 1 / 1.5초간 기절시킵니다.,70 / 80 / 90,9,1 / 3 / 5,,구르르
구르르,캐릭터 모델 첨부 부탁드립니다.,스콜지,힘,T,흥분,20 / 25 / 30초간 힘 속성이 7 / 12 / 17 + 자신의 레벨만큼 증가하지만 4% / 3% / 2%의 추가 피해를 입습니다. 자신의 레벨 증가량은 21까지만 적용(3레벨 기준 최대 38 증가) 사용시 야수 발톱이 활성화됨 패시브 - 야수 발톱 매 공격마다 추가로 자신의 최대 체력의 1%만큼의 마법 피해를 입힙니다.,60 / 80 / 100,40,1 / 3 / 5,,구르르
구르르,캐릭터 모델 첨부 부탁드립니다.,스콜지,힘,패시브,야생 본능,"자신의 이동 속도를 10% / 20% / 30% / 40% 증가시키고, 체력 회복 속도를 5 / 10 / 15 / 20 증가시킵니다.",-,1 / 3 / 5 / 7,,,구르르
구르르,캐릭터 모델 첨부 부탁드립니다.,스콜지,힘,W,분노,"45초간 분노 형태로 변신합니다. 체력이 500, 체력 회복 속도가 10, 공격력이 16 - 32 증가하고 공격 타입이 카오스로, 사정거리가 170으로, 기본 공격 속도가 1.4로 변경되며 방어력이 5, 공격 속도가 25% 증가합니다. 매 공격마다 100 범위내 100%, 200 범위내 80%, 300 범위내 60%의 방사 피해를 입힘 사용시 망치 던지기가 분노의 망치 던지기로 강화됨",150,145,6,,구르르
그롬 헬스크림,캐릭터 모델 첨부 부탁드립니다.,스콜지,힘,W,광란의 발걸음,15 / 30 / 45초간 투명 상태로 변하며 이동 속도가 10% / 20% / 30% 증가합니다. 적 공격시 2초간 기절시키며 투명 상태가 해제됩니다. 마법 면역에게는 기절 시간 1초,80 / 85 / 90,9,1 / 3 / 5,,그롬 헬스크림/카오스(워크래프트 3/유즈맵)
그롬 헬스크림,캐릭터 모델 첨부 부탁드립니다.,스콜지,힘,D,파쇄풍,"3초간 자신을 칼날의 폭풍으로 감싸 모든 피해가 10% / 20% / 30% 감소하고, 마법에 면역이 되며, 주변 적 유닛과 건물에 초당 40 / 80 / 120의 피해를 입힙니다. 마법 면역 무시",60 / 70 / 80,14,2 / 5 / 8,,그롬 헬스크림/카오스(워크래프트 3/유즈맵)
그롬 헬스크림,캐릭터 모델 첨부 부탁드립니다.,스콜지,힘,E,무아지경,"9 / 12 / 15초간 공격 속도가 30% / 45% / 60% 증가하고, 매 공격마다 14% / 22% / 30% 확률로 적의 현재 체력의 8% - 12%만큼 추가 피해를 입히지만 자신도 적의 공격에 5%의 추가 피해를 입습니다. 마법 면역 무시",60 / 80 / 100,30,1 / 3 / 5,,그롬 헬스크림/카오스(워크래프트 3/유즈맵)
그롬 헬스크림,캐릭터 모델 첨부 부탁드립니다.,스콜지,힘,패시브,파괴 본능,"영구적으로 공격력이 22 / 37 증가하고, 매 공격마다 33.3% 확률로 2 / 2.5배의 피해를 입힙니다.",-,5 / 10,,,그롬 헬스크림/카오스(워크래프트 3/유즈맵)
그리메,캐릭터 모델 첨부 부탁드립니다.,센티널,힘,F,인화,400 범위 내 적들에게 0.25초마다 9 / 18 / 27의 피해를 입힙니다.,2 / 3 / 4,-,1 / 3 / 5,,그리메
그리메,캐릭터 모델 첨부 부탁드립니다.,센티널,힘,B,그림자 이동,"습득시 영구적으로 이동 속도가 10% / 15% / 20% 증가합니다. 사용시 선택한 유닛의 위치로 순간이동합니다. 대상이 적 유닛일 경우 100 / 175 / 250의 피해를 입힙니다. 사정거리 500 / 550 / 600 건물에게 사용 불가능, 기계에게는 사용 가능",60 / 70 / 80,8,1 / 3 / 5,,그리메
그리메,캐릭터 모델 첨부 부탁드립니다.,센티널,힘,패시브,불멸,"사망할 경우 영혼 상태로 변신합니다. 영혼 상태로 15초간 생존시 다시 원래 상태로 부활합니다. 영혼 상태 스펙은 아래 참조 영혼 상태 공격, 마법, 이동 불가, 방어 타입 중형 체력, 마력, 방어력은 본래의 스펙을 그대로 적용 패시브 - 마법 면역 마법에 면역이 됩니다. 패시브 - 돌려주기 적의 근접 공격 피해의 10% / 20% / 30%를 되돌려 줍니다.",-,135 / 120 / 105,2 / 7 / 12,,그리메
그리메,캐릭터 모델 첨부 부탁드립니다.,센티널,힘,W,3단 분리,"그리메를 3명으로 분리합니다. 분리된 그리메 스펙은 아래 참조 분리된 그리메 체력 1500 / 2000 / 2500, 공격력 85 - 90 / 105 - 110 / 120 - 125(일반), 사정거리 근접, 방어력 5 / 10 / 15(영웅), 공격 속도 0.7, 이동 속도 522, 지속시간 45초 패시브 - 영구 인화 300 범위 내 적들에게 0.33초마다 15 / 30 / 45의 피해를 입힙니다. 패시브 - 펄버라이즈 25% 확률로 200 범위 내 적들에게 30의 피해를 입힙니다. 마법 면역 무시 패시브 - 치명타 매 공격마다 15% 확률로 2배의 피해를 입힙니다. 3단 분리 3레벨일 경우에만 보유 패시브 - 마법 면역 마법에 면역이 됩니다. 패시브 - 리지스턴트 스킨 적군의 마법이 지속되는 시간을 줄여주고 특정 마법에 대한 면역을 제공합니다. 패시브 - 탐지기 주변의 은신 유닛을 탐지합니다. 패시브 - 되돌아감 이 분신이 본체가 됩니다. 3기 중 1기에만 있으며 보유 개체가 죽으면 자동으로 다른 개체에게 넘어감",150 / 200 / 250,165,6 / 12 / 18,,그리메
나래,신궁의 후예,센티널,민첩,E,목표 설정,"대상을 목표로 설정해 7초간 방어력을 2 / 4 / 6 감소시키고 나래의 공격에 5% / 7% / 9%의 피해를 더 입힙니다. 또한 1초간 이동 속도를 30% / 35% / 40% 감소시킵니다. 대상은 지속시간동안 위치가 노출되며, 은신 또한 탐지됩니다. 건물 및 기계에는 2.5초간 적용",60 / 70 / 80,8,1 / 3 / 5,,나래/카오스(워크래프트 3/유즈맵)
나래,신궁의 후예,센티널,민첩,R,번개 화살,매 공격마다 15 / 30 / 45 / 60의 공격력을 추가하며 20% 확률로 대상을 기준으로 뒤로 퍼지는 번개를 1 / 2 / 3 / 4줄기 발사합니다. 번개는 30의 마법 피해를 입힙니다. 오브 기반,4 / 5 / 6 / 7,-,1 / 4 / 7 / 10,,나래/카오스(워크래프트 3/유즈맵)
나래,신궁의 후예,센티널,민첩,패시브,강화된 활,"공격 속도가 10 / 15 / 20% 증가하고, 공격한 유닛의 방어력을 2초간 2 / 4 / 6 감소시킵니다.[1]",-,1 / 3 / 5,,,나래/카오스(워크래프트 3/유즈맵)
나래,신궁의 후예,센티널,민첩,W,신궁 강림,"25초간 사정거리가 100, 공격력이 20 / 40 증가하며 기본 공격 속도가 1.4 / 1.3으로 변경됩니다. 또한 이동시[2] 0.7초마다 나래의 환영[3]이 적을 공격합니다. 사용시 음속 이동이 활성화됨",125 / 150,70,6 / 12,,나래/카오스(워크래프트 3/유즈맵)
나이샤,캐릭터 모델 첨부 부탁드립니다.,센티널,민첩,X,석화,적 유닛을 2 / 3 / 4초간 돌로 만들고 100 / 175 / 250의 피해를 입힙니다. 영웅이 아닌 유닛은 지속시간 2배로 적용 디스펠로 해제 가능,80 / 100 / 120,25 / 22 / 19,1 / 4 / 7,,나이샤/카오스(워크래프트 3/유즈맵)
나이샤,캐릭터 모델 첨부 부탁드립니다.,센티널,민첩,C,달의 표창,블루 헌트리스 사정거리가 50 / 100 / 150 증가합니다. 사용시 블랙 헌트리스로 전환됩니다. 블랙 헌트리스 공격시 표창이 1 / 2 / 3회 더 튕기며 튕길 때마다 공격력이 35%씩 감소합니다. 사용시 블루 헌트리스로 전환됩니다. 흡혈 조합을 제외한 오브 기반 아이템 착용 불가,-,3,1 / 3 / 5,,나이샤/카오스(워크래프트 3/유즈맵)
나이샤,캐릭터 모델 첨부 부탁드립니다.,센티널,민첩,패시브,숙련된 표창,"영구적으로 민첩이 4 / 7 / 10 증가하며, 5% / 10% / 15% 확률로 적의 공격을 회피합니다. 회피는 회피 아이템과 중복 불가",-,1 / 3 / 5,,,나이샤/카오스(워크래프트 3/유즈맵)
나이샤,캐릭터 모델 첨부 부탁드립니다.,센티널,민첩,W,용기의 빛,800 범위 내 자신을 포함한 모든 아군을 5초간 무적 상태로 만듭니다. 채널링 상태인 유닛은 무적 효과를 받지 못함,150,165,6,,나이샤/카오스(워크래프트 3/유즈맵)
나즈그렐,늑대부족의 수호자,센티널,지능,T,황혼의 늑대,"황혼의 늑대 2기를 소환합니다. 재사용시 기존에 소환된 늑대는 사라짐 황혼의 늑대 스펙은 아래 참조 황혼의 늑대 체력 600 / 800 / 1000 / 1200, 체력 회복 +10(밤에만), 공격력 31 - 32 / 51 - 52 / 71 - 72 / 91 - 92(일반), 방어력 4 / 7 / 10 / 13(대형), 공격 속도 2.5 / 2 / 1.5 / 1.0, 이동 속도 300 / 360 / 420 / 420, 마법 피해 20% 감소, 지속시간 60초 패시브 - 황혼 늑대의 저주 매 공격마다 17% 확률로 지속시간 5초의 퍼지를 시전합니다. 적 소환물에게는 200의 피해를 입힙니다. 황혼의 늑대 3레벨 이상만 보유 패시브 - 단단한 피부 피격시 8% 확률로 물리 피해를 무효화 합니다. 황혼의 늑대 4레벨만 보유",75 / 90 / 105 / 120,15,1 / 4 / 7 / 10,원전은 나즈그렐이다.,나즈그렐/카오스(워크래프트 3/유즈맵)
나즈그렐,늑대부족의 수호자,센티널,지능,E,주박술,"적 유닛에게 주박술을 걸어 6초간 2초마다 공격 속도를 0% + 20% / 30% / 40%씩 최대 60% / 90% / 120%만큼, 이동 속도를 0% / 10% / 25% + 15%씩 최대 45% / 55% / 70%만큼 감소시킵니다. 또한 지속시간동안 타겟형 마법에 추가 피해를 입힙니다. 추가 피해는 자신 30 / 40 / 50, 화살류 15 / 20 / 25, 그 외 60 / 80 / 100 추가 피해량 최대 500 공격 속도 및 이동 속도 감소는 마법 면역 무시",100 / 110 / 120,24 / 21 / 18,1 / 4 / 7,원전은 나즈그렐이다.,나즈그렐/카오스(워크래프트 3/유즈맵)
나즈그렐,늑대부족의 수호자,센티널,지능,패시브,비전술,공격시 최대 적 2기에게 튕기는 번개[1]를 발사해 60 / 90 / 120의 피해를 입힙니다.,20 / 30 / 40,1,1 / 3 / 5,원전은 나즈그렐이다.,나즈그렐/카오스(워크래프트 3/유즈맵)
나즈그렐,늑대부족의 수호자,센티널,지능,W,늑대의 춤사위,"30초간 선택할 수 없는 늑대 3 / 5마리를 소환합니다. 늑대들은 나즈그렐의 공격 속도를 100% / 150%, 이동 속도를 70%, 지능을 10 증가시키며, 비전술의 번개 공격 쿨다운이 사라집니다. 또한 초당 마력 회복 속도를 0 / 10만큼 증가시킵니다. 황혼의 늑대도 공격 속도 및 이동 속도 증가 효과를 받으며 추가로 공성 피해 +20%",150 / 200,90,6 / 12,원전은 나즈그렐이다.,나즈그렐/카오스(워크래프트 3/유즈맵)
나카챠,사악한 부두술사,스콜지,지능,E,환각의 부두술,적 유닛에게 100 / 200 / 300의 피해를 입히고 1 / 1.5 / 2초간 공포상태로 만듭니다.[1],80 / 100 / 120,12,1 / 4 / 7,,나카챠(카오스)
나카챠,사악한 부두술사,스콜지,지능,T,날벌레 토템,"3초간 해당 지역에 날벌레가 꼬이는 토템을 소환해 300 범위내 적 유닛과 건물에 0.25초마다 20 / 30 / 40의 피해를 입힙니다. 날벌레 토템 체력 1000, 방어력 5(대형), 워드 타입",60 / 75 / 90,10,1 / 4 / 7,,나카챠(카오스)
나카챠,사악한 부두술사,스콜지,지능,D,영혼 갈취,"3초간 대상의 이동 속도를 30% 감소시키고, 0.6초마다 20 / 35 / 50 + 대상 최대체력의 2%만큼의 피해를 입히며, 피해량의 100%만큼의 체력과 50%만큼의 마력을 회복합니다.[2] 시야에서 대상이 사라지거나 대상과 1500 거리 이상이 되면 해제됨",80 / 100 / 120,12,1 / 4 / 7,,나카챠(카오스)
나카챠,사악한 부두술사,스콜지,지능,W,부두 인형,"10초간 적 영웅의 영혼이 깃든 부두 인형을 소환합니다. 연결된 적 영웅은 지속시간동안 이동 속도와 공격 속도가 15% 감소합니다. 부두 인형의 제단을 통해 4가지의 기술을 사용할 수 있습니다.[3] 지속시간내에 4가지 중 1개만 골라 사용 가능 마법 면역 무시 부두 제단 체력 1500, 방어력 15(건물) W - 못 박기 2초마다 260 / 460의 피해를 입히고 1초간 기절을 2번 가합니다. E - 다리 찢기 2초마다 300 / 500의 피해를 입히고 1.5초간 이동 속도를 90% 감소시키는 둔화를 2번 가합니다. R - 쥐어짜기 2초마다 200 / 300의 피해를 2번 입히고 피해를 입힐 때마다 자신의 체력과 마력을 10%씩 회복합니다. 사용 즉시 나카챠는 3초간 무적 상태가 됨 T - 불태우기 0.5초마다 70 / 110 + 최대 체력의 2%의 피해를 10번 가합니다. R - 부두 저주 선택 부두 인형에 사용할 저주를 미리 선택해놓을 수 있습니다. 미리 저주를 선택할 경우 부두 인형을 사용시 자동으로 해당 저주가 시전됩니다.",150 / 200,135 / 125,6 / 12,,나카챠(카오스)
니바스,어둠의 마법사,스콜지,지능,D,죽음의 손길,400 범위내 모든 적 유닛과 건물에게 20 / 30 / 40 / 50의 피해를 입히는 죽음의 손을 7 / 8 / 9 / 10번 소환합니다. 피해를 입은 적은 4 / 5 / 6 / 7초간 초당 14 / 20 / 26 / 32의 추가 피해를 입습니다. 건물에는 50% / 47% / 43% / 40%의 피해를 입힘 채널링 기술,100 / 125 / 150 / 175,9,1 / 4 / 7 / 10,,니바스
니바스,어둠의 마법사,스콜지,지능,G,지옥의 문,"악마들을 불러들이는 지옥의 문을 소환합니다. 악마, 지옥의 문 스펙은 아래 참조 지옥의 문 무적 상태, 지속시간 24초, 지속시간동안 총 6 / 8 / 10마리의 악마 소환 Y - 랠리 포인트 지정 지정된 장소로 소환된 악마들을 공격 이동시킵니다. 이미 소환된 악마들은 이동하지 않음 악마 체력 250 / 350 / 450, 체력 회복 속도 1 / 3 / 3, 공격력 25 - 25 / 30 - 30 / 35 - 35(카오스), 사정거리 400, 방어력 4 / 6 / 8(중형), 공격 속도 1.4, 이동 속도 350, 지속시간 30초 패시브 - 치명타 매 공격마다 13% 확률로 2.5배의 피해를 입힙니다. 지옥의 문 2레벨 이상만 보유 패시브 - 베놈 5초간 초당 8의 피해를 입힙니다. 중첩 가능 지옥의 문 3레벨만 보유",120 / 140 / 160,45,2 / 5 / 8,,니바스
니바스,어둠의 마법사,스콜지,지능,T,어둠의 감옥,"해당 지점을 중심으로 마름모 형태의 어둠의 감옥 40개를 소환합니다. 어둠의 감옥 스펙은 아래 참조 어둠의 감옥 체력 400, 방어력 3(건물), 건물 타입, 지속시간 5 / 6 / 7초",120 / 140 / 160,40 / 34 / 28,1 / 3 / 5,,니바스
니바스,어둠의 마법사,스콜지,지능,W,절망의 섬광,400 범위내 모든 적 유닛과 건물에 0.6초마다 120 / 160 / 200의 피해를 입히는 섬광을 10번 발사합니다. 영웅에게는 15%의 추가 피해를 입힘 채널링 기술 마법 면역 무시,200 / 250 / 300,150,6 / 11 / 16,,니바스
니피,,센티널,힘,T,트랜스뮤트,"대상이 비영웅인 경우 즉시 죽여 0.3 / 0.4 / 0.5배만큼의 추가 골드를 얻고, 고블린을 1 / 2 / 3기 생성합니다. 대상이 영웅인 경우 힘 속성의 2배만큼의 피해를 입히고, 1.5 / 2 / 2.5초간 이동불가 상태로 만듭니다. 고대 거북 및 궁극기급 소환물에게 사용할 수 없음 고블린 스펙은 아래 참조 고블린 체력 475, 체력 회복 +0, 공격력 45 - 45(일반), 사정거리 근접, 방어력 9(대형), 공격 속도 1.6, 이동 속도 420, 지속시간 45초 기계 타입",75 / 100 / 125,20,1 / 4 / 7,,니피
니피,,센티널,힘,B,애시드 봄,"8초간 400 범위 내 적에게 처음 40 / 70 / 100의 피해와 초당 20 / 35 / 50의 피해를 입히며 방어력을 2 / 3 / 4만큼 감소시킵니다. 범위 내의 적은 니피와 고블린의 공격에 6% / 8% / 10%의 추가 피해를 입습니다. 방어력 감소는 마법 면역 무시, 건물 및 기계에도 적용",60 / 70 / 80,15,1 / 3 / 5,,니피
니피,,센티널,힘,R,케미컬 레이지,"24초간 공격 타입이 카오스로, 기본 공격 속도가 1.5 / 1.4 / 1.3으로 변경되며, 공격 속도가 20% / 35 % / 50%만큼 증가합니다. 또한 이동 속도가 15% / 25% / 35%만큼, 방어력이 3 / 5 / 7만큼 증가합니다. 사용시 좋은 연금술 재료가 활성화됨 패시브 - 좋은 연금술 재료 매 공격마다 4 / 8 / 12의 체력을 회복합니다. 건물 및 기계 공격 시에도 회복",25 / 50 / 75,30,1 / 3 / 5,,니피
니피,,센티널,힘,D,자폭,"3.5초후 자폭하여 800 범위 내 적 유닛과 건물에 800 / 1200 + 니피 레벨의 3배의 카붐 피해를 입힙니다. 이후 연금술사 형태로 변경되며, 20 / 15초간 생존시 원래 모습으로 돌아옵니다. 마법 면역 무시 연금술사 스펙은 아래 참조 연금술사 체력 800 / 1200, 체력 회복률 100 / 200, 마력 400, 공격력 50 - 60 / 60 - 70(일반), 사정거리 근접, 방어력 15 / 25(영웅), 공격 속도 1.6, 이동 속도 420 / 450 트랜스뮤트와 애시드 봄은 니피가 습득한 레벨의 스펙으로 사용 가능 케미컬 레이지는 사용 불가 F - 마법 면역 물약 마법에 면역 상태가 됩니다. 지속시간 15초, 재사용 대기시간 25초 G - 연쇄 마법해제 지팡이 적에게 이로운 마법이나 아군에게 불리한 마법을 해제합니다. 재사용 대기시간 4초 패시브 - 리지스턴트 스킨 적군의 마법이 지속되는 시간을 줄여주고 특정 마법에 대한 면역을 제공합니다.",150 / 200,135 / 120,6 / 12,,니피
다래,전설의 명사수,센티널,민첩,W,바람의 발걸음,20 / 40 / 60초간 투명 상태로 변하며 이동 속도가 10% / 40% / 70% 증가합니다. 적 공격시 추가 피해 100 / 190 / 280을 입히며 투명 상태가 해제됩니다. 투명 상태에서 화염 화살을 습득할 시 투명이 해제되고 마력 75를 돌려받음,70 / 80 / 90,5.5,1 / 3 / 5,,다래/카오스(워크래프트 3/유즈맵)
다래,전설의 명사수,센티널,민첩,R,화염 화살,매 공격마다 20 / 35 / 50 / 65의 화염 공격력을 추가합니다. 오브 기반,2 / 3 / 4 / 4,-,1 / 3 / 5 / 7,,다래/카오스(워크래프트 3/유즈맵)
다래,전설의 명사수,센티널,민첩,패시브,숙련된 활기술,"공격력이 10% / 20% / 30%만큼, 사정거리가 30 / 60 / 90 증가합니다. 공격력은 기본 공격력과 민첩 증가로 추가된 공격력만 비율로 상승",-,1 / 5 / 9,,,다래/카오스(워크래프트 3/유즈맵)
다래,전설의 명사수,센티널,민첩,F,속사,"12초간 공격 속도가 200% 증가하고, 매 공격마다 자신의 최대 체력의 1% / 2%만큼의 마법 피해를 입힙니다.",100 / 120,60,6 / 12,,다래/카오스(워크래프트 3/유즈맵)
두두,"지능영웅으로 사정거리는 450이고 기본 공격속도는 1.7, 기본 이동속도는 310이다.",,중립 ,,포켓 팩토리,"선택한 지점에 4.5당 1개씩 박제 고블린을 자동으로 생산하는 체력 900의 공장을 건설한다. 사정거리 500. 지속시간 40초. 재사용 대기시간 35초. 박제 고블린 - 체력 125, 방어력 1(대형), 공격력 28-29(일반), 공격속도 0.7, 이동속도 270, 체력회복 2(항상). 카붐!을 가지며 공장으로부터 1100 이상 멀어지면 자동으로 파괴된다. 지속시간 20초. 카붐! - 유닛이 사망 시 폭발하여 효과범위 내 적에게 피해를 준다. 효과범위 200. 1레벨 - 카붐!시 60의 피해를 주는 박제 고블린을 생산한다. 마력소모 100. 2레벨 - 카붐!시 80의 피해를 주는 박제 고블린을 생산한다. 마력소모 120. 3레벨 - 카붐!시 100의 피해를 주는 박제 고블린을 생산한다. 마력소모 140. 니바스의 지옥의 문 스킬이 테러에 더 특화된 형태라고 보면된다. 주로 한타교전 중 적의 길목을 막거나 테러에 보조용으로 뽑는다. 이게 은근히 대미지가 잘박혀 시간은 좀 걸릴지라도 클러스터 로켓과 이 스킬만으로도 중보 철거가 가능하다.",,,,,두두/카오스(워크래프트 3/유즈맵)
두두,"지능영웅으로 사정거리는 450이고 기본 공격속도는 1.7, 기본 이동속도는 310이다.",,중립 ,,클러스터 로켓,"채널링 기술. 로켓으로 일정 지역을 포격하여 효과범위 내 적에게 피해를 주며 1초간 기절시킨다. 사정거리 800. 효과범위 250. 재사용 대기시간 6초. 1레벨 - 로켓으로 일정 지역을 포격하여 최대 120의 피해를 준다. 마력소모 70. 2레벨 - 로켓으로 일정 지역을 포격하여 최대 240의 피해를 준다. 마력소모 95. 3레벨 - 로켓으로 일정 지역을 포격하여 최대 360의 피해를 준다. 마력소모 130. 두두의 존재이유 1. 카오스에 몇없는 범위 스턴기중 하나이며 대미지자체도 강력한데, 사기 소리 듣는 이유는 다름 아닌 6초라는 쿨다운. 즉, 악동이 헥스 걸자마자 쓴 후에 헥스 풀 때도 또 쓸 수 있다!! 6렙을 찍은 두두는 탱크로 변신한 후에 이 로켓들을 마구 난사해대기 시작하는데... 만약 두두와 같은 라인에 서있는 영웅이라면... 더 이상의 자세한 설명은 생략한다. 거기에 테러시에도 6초마다 뿜어져 나오는 로켓들은 배럭 농성시에도 상당한 효과를 볼 수 있다.",,,,,두두/카오스(워크래프트 3/유즈맵)
두두,"지능영웅으로 사정거리는 450이고 기본 공격속도는 1.7, 기본 이동속도는 310이다.",,중립 ,,엔지니어링 업그레이드,"패시브 기술. 팅커의 다른 능력을 향상시키며 공격력과 이동속도를 올려준다. 1레벨 - 공격력 +10, 이동속도 +10%. 클러스터 로켓의 효과범위를 300으로 변경. 박제고블린 생산속도를 3.5초로 변경. 로보 고블린의 방어력 +1. 힘 +2. 2레벨 - 공격력 +20, 이동속도 +20%. 클러스터 로켓의 효과범위를 350으로 변경. 박제고블린 생산속도를 2.5초로 변경. 로보 고블린의 방어력 +2. 힘 +4. 3레벨 - 공격력 +30, 이동속도 +30%. 클러스터 로켓의 효과범위를 400으로 변경. 박제고블린 생산속도를 1.5초로 변경. 로보 고블린의 방어력 +3. 힘 +6. 두두의 효능을 극대화 시키기 위한 패시브. 정말 맞춤형 스킬이라 해도 될 정도이다. 이 스킬이 없다면 무슨짓을 해도 두두는 풀이속을 뽑을 수가 없는 데다가 여러 가지 부가로 붙은 효과들이 엄청나게 좋다.",,,,,두두/카오스(워크래프트 3/유즈맵)
두두,"지능영웅으로 사정거리는 450이고 기본 공격속도는 1.7, 기본 이동속도는 310이다.",,중립 ,,로보 고블린,"발동 시 두두가 팅커에서 로보 고블린으로 변형한다. 기계 상태이기 때문에 대부분의 마법에 면역이며, 근접 영웅이기 때문에 기본 체력 +25, 기본 마력 -25, 기본 공격력 +7의 능력치 변경이 있다. 쏜즈 오라와 뱀파이어릭 오라의 영향을 받는다. 로보 고블린 - 사정거리 125, 기본 이동속도 100, 기본 공격속도 1.3, 기본 방어력 +3, 방어력 +1, 힘 +5. 공격 형태가 카오스 타입으로 변경. 1레벨 - 로보 고블린으로 변형한다. 재사용 대기시간 1초. 마력소모 100. 두두의 존재이유 2. 말 그대로 래더의 고블린 팅커처럼 로봇으로 변해버린다. 사실상 걸어다니는 중간보스라고 보면 된다. 즉, 중간보스에게 박히는 마법들은 모두 박히지만 그외의 마법에는 면역이라고 보면된다. 카오스 대미지를 가지지만 이동속도가 완전 조루가 돼 버려 두두가 부엉이+초신속을 강요하게 된다. 이래도 풀이속은 나오지 않으므로 [1] 완벽해지려면 부엉이의 날갯짓을 강화하면 된다. 여담으로 옛버전에는 방어타입이 건물로 변해서 그야말로 모든 스킬(뮤턴트의 좀비에어리어까지!)이 통하지 않는 무시무시한 존재로 변했다.",,,,,두두/카오스(워크래프트 3/유즈맵)
두두,"지능영웅으로 사정거리는 450이고 기본 공격속도는 1.7, 기본 이동속도는 310이다.",,중립 ,,팅커 형태로 복귀,발동 시 두두가 로보 고블린에서 팅커로 변형한다. 로보 고블린시 변경된 능력치가 다시 돌아온다. 1레벨 - 팅커로 변형한다. 재사용 대기시간 1초. 마력소모 100. 로보 고블린으로 변형시 로보 고블린 능력이 팅커 형태로 복귀 능력으로 바뀐다.,,,,,두두/카오스(워크래프트 3/유즈맵)
드러커 형제,"지능영웅으로 사정거리는 700이고 기본 공격속도는 1.7, 기본 이동속도는 300이다.",,중립 ,,연쇄폭발,인페르날 + 블리자드 기반. 선택한 지점에 시야가 없고 보이지 않는 유닛이 소환되어 소환된 지점에 블리자드를 시전한다. 블리자드의 사용횟수는 15번이며 레벨에 따라 시전시간이 0.4/0.3/0.2초로 변경된다. 건물에는 80%의 피해만 준다. 피해량은 분산되지 않는다. 사정거리 800. 효과범위 300. 재사용 대기시간 9초. 1레벨 - 효과범위 내에 20의 피해를 지속적으로 입히며 0.1초간 기절시킨다. 지속시간 6초. 마력소모 100. 2레벨 - 효과범위 내에 35의 피해를 지속적으로 입히며 0.25초간 기절시킨다. 지속시간 4.5초. 마력소모 120. 3레벨 - 효과범위 내에 50의 피해를 지속적으로 입히며 0.4초간 기절시킨다. 지속시간 3초. 마력소모 140.,,,,,드러커 형제
드러커 형제,"지능영웅으로 사정거리는 700이고 기본 공격속도는 1.7, 기본 이동속도는 300이다.",,중립 ,,폭발물 설치,"워터 엘리멘탈 기반. 고블린 지뢰 능력을 가지는 폭발물을 소환한다. 설치 후 15초에 걸쳐 투명화된다. 폭발하기 전까지 사라지지 않으며, 설치하고 3초 후부터 폭발이 가능하다. 폭발물 - 체력 220. 방어력 2(소형). 시야 500(밤낮 공통). 폭발 시 카붐!기반의 피해를 준다. 1레벨 - 폭발 시 효과범위 400에 75, 효과범위 250에 150의 피해를 주는 폭발물을 소환한다. 재사용 대기시간 12초. 마력소모 50. 2레벨 - 폭발 시 효과범위 400에 150, 효과범위 250에 300의 피해를 주는 폭발물을 소환한다. 재사용 대기시간 9초. 마력소모 70. 3레벨 - 폭발 시 효과범위 400에 225, 효과범위 250에 450의 피해를 주는 폭발물을 소환한다. 재사용 대기시간 6초. 마력소모 90. 유닛에게도 반응한다는 점 때문에 멤피스의 가시지뢰와 달리 영웅킬 용도로 쓰기는 미묘하다. 하지만 영구지속이면서 시야가 존재한다는 점 때문에 정찰용으로 쓰기에는 더할나위 없이 적합하다. 메두사의 뱀마냥 크립이 생성되지 않는 길목이나 길가, 나무 뒤와 같은 장소에 계속 설치해 주면 상대가 일일이 터뜨리지 않을 때 맵핵키고 카오스하는 기분을 느낄 수 있다.",,,,,드러커 형제
드러커 형제,"지능영웅으로 사정거리는 700이고 기본 공격속도는 1.7, 기본 이동속도는 300이다.",,중립 ,,익스플로전 오라,"패시브 기술. 언홀리 오라 기반. 주변 아군의 이동속도와 체력 회복속도를 올려주고, 드러커 형제가 공격 시 마법 대미지의 추가 피해를 준다. 단, 이 추가 피해는 물리 방어력에도 영향을 받는다. 효과범위 600. 1레벨 - 이동속도 +10%, 체력 회복속도 +1. 매 공격 시 10의 추가피해를 준다. 2레벨 - 이동속도 +15%, 체력 회복속도 +1.5. 매 공격 시 20의 추가피해를 준다. 3레벨 - 이동속도 +20%, 체력 회복속도 +2. 매 공격 시 30의 추가피해를 준다.",,,,,드러커 형제
드러커 형제,"지능영웅으로 사정거리는 700이고 기본 공격속도는 1.7, 기본 이동속도는 300이다.",,중립 ,,광폭발,"다크포탈 + 썬더클랩 기반. 선택한 지점에 시야가 없고 보이지 않는 유닛[1]이 소환되어 소환된 지점에 썬더클랩을 시전하여 적에게 300의 피해를 주고 이동속도를 50% 감소시킨다. 썬더클랩의 사용횟수는 5번이며 마법면역인 적에게는 피해를 주지 않지만, 이동속도 감소는 동일하게 적용된다. 이동속도 감소는 마지막 폭발 후에도 5초간 더 지속된다. 사정거리 800. 효과범위 700. 1레벨 - 효과범위 내 적에게 300의 피해를 5번 주며 이동속도를 감소시킨다. 재사용 대기시간 160초. 마력소모 200. 2레벨 - 효과범위 내 적에게 300의 피해를 5번 주며 이동속도를 감소시킨다. 재사용 대기시간 130초. 마력소모 250.",,,,,드러커 형제
래퍼드,캐릭터 모델 첨부 부탁드립니다.,스콜지,민첩,W,백스탭,20 / 40 / 60초간 투명 상태로 변하며 이동속도가 10% / 40% / 70% 증가합니다. 적 공격시 추가 피해 150 / 200 / 250을 입히며 투명 상태가 해제됩니다. 적의 뒤에서 공격할 경우 추가 피해량 + 50 / 100 / 150의 보너스 피해를 입힘,80 / 100 / 120,5.5,1 / 3 / 5,,래퍼드
래퍼드,캐릭터 모델 첨부 부탁드립니다.,스콜지,민첩,R,리얼 팬텀,"자신의 환영 분신 1개를 만들며 자신에게 적용된 모든 마법을 무효화시킵니다. 이 분신은 30초간 지속되고 본체의 60% / 80% / 100%의 능력을 지니며, 2배의 피해를 입습니다. 기술을 시전하는 0.5초간 무적 상태",80 / 95 / 110,32 / 27 / 22,1 / 3 / 5,,래퍼드
래퍼드,캐릭터 모델 첨부 부탁드립니다.,스콜지,민첩,패시브,배틀 마스터리,"매 공격마다 9 / 17 / 25의 마법 피해를 입히고, 적의 공격을 5% / 10% / 15% 확률로 회피합니다. 회피는 회피 아이템과 중복 불가",-,1 / 3 / 5,,,래퍼드
래퍼드,캐릭터 모델 첨부 부탁드립니다.,스콜지,민첩,T,피의 결계,800 범위 내 자신을 포함한 모든 아군을 5초간 무적 상태로 만듭니다. 채널링 상태인 유닛은 무적 효과를 받지 못함,150,165,6,,래퍼드
레오닉,캐릭터 모델 첨부 부탁드립니다.,스콜지,민첩,F,스컬 워드,"주변 아군의 공격 속도와 이동 속도를 10% / 20% / 30% 증가시키고, 초당 10 / 20 / 30의 체력을 회복시키는 스컬 워드를 소환합니다. 또한 스컬 워드는 주변 적 유닛의 이동 속도를 10% / 15% / 20% 감소시키며, 초당 30 / 50 / 70의 피해를 입힙니다. 스컬 워드 스펙은 아래 참조 스컬 워드 체력 500, 마력 100, 방어력 5(대형), 유닛 타입, 지속시간 30초",70 / 75 / 80,10,1 / 4 / 7,,레오닉
레오닉,캐릭터 모델 첨부 부탁드립니다.,스콜지,민첩,패시브,회심의 일격,매 공격마다 20% 확률로 2 / 3 / 4배의 피해를 입힙니다.,-,1 / 3 / 5,,,레오닉
레오닉,캐릭터 모델 첨부 부탁드립니다.,스콜지,민첩,패시브,피의 기운,매 공격마다 입힌 피해의 15% / 20% / 25%만큼 체력을 회복합니다.,-,1 / 3 / 5,,,레오닉
레오닉,캐릭터 모델 첨부 부탁드립니다.,스콜지,민첩,W,살육의 분신,"습득시 영구적으로 모든 속성이 6만큼 증가합니다. 사용시 자신의 환영 분신 6개를 만들며 자신에게 적용된 모든 마법을 무효화 시킵니다. 이 분신은 30초간 지속되고 본체의 50%의 능력을 지니며, 2.2배의 피해를 입습니다. 기술을 시전하는 0.5초간 무적 상태 본체가 분신과 1200 거리 이상 떨어지면 분신의 공격 속도가 100% 감소",200,135,6,,레오닉
레이나,캐릭터 모델 첨부 부탁드립니다.,센티널,히든,F,독 안개,10초간 500 범위내 지역에 독 안개를 생성합니다. 독 안개는 닿는 즉시 100 / 150 / 200의 피해를 입히고 지속시간동안 초당 15 / 25 / 35의 피해를 입힙니다. 건물 및 기계에도 적용 지속 피해로 사망하지 않음 지속 피해는 마법 면역 무시,100 / 120 / 140,10,1 / 4 / 7,원전은 제이나 프라우드무어이다.,레이나/카오스(워크래프트 3/유즈맵)
레이나,캐릭터 모델 첨부 부탁드립니다.,센티널,히든,R,마법 거울,30초간 지속되는 마법 거울을 소환합니다. 마법 거울은 1000 범위내 적 유닛이 마법을 사용할 경우 마법을 사용한 유닛과 그 주변 200 범위에 사용된 마력의 1 / 1.5 / 2배의 마법 피해를 입힙니다. 기계에도 피해 적용 여러 개가 있어도 오직 1개만 공격함 마력이 존재하지 않는 유닛에게는 효과 없음,50 / 75 / 100,20,1 / 3 / 5,원전은 제이나 프라우드무어이다.,레이나/카오스(워크래프트 3/유즈맵)
레이나,캐릭터 모델 첨부 부탁드립니다.,센티널,히든,패시브,타락의 목걸이,적의 공격을 10% / 20% / 30% 확률로 무효화 합니다. 회피는 회피 아이템 및 빛의 갑옷과 중복 가능,-,1 / 3 / 5,,원전은 제이나 프라우드무어이다.,레이나/카오스(워크래프트 3/유즈맵)
레이나,캐릭터 모델 첨부 부탁드립니다.,센티널,히든,W,지옥 보내기,적에게 즉시 600 / 1000의 피해를 입히고 3초간 기절시킵니다. 25% 확률로 적을 지옥에 보내버립니다. 마법 면역 무시,200 / 250,180 / 150,6 / 12,원전은 제이나 프라우드무어이다.,레이나/카오스(워크래프트 3/유즈맵)
레이든,캐릭터 모델 첨부 부탁드립니다.,스콜지,민첩,W,은신술,20 / 40 / 60초간 투명 상태로 변하며 이동 속도가 20% / 40% / 60% 증가합니다. 적 공격시 추가 피해 100 / 200 / 300을 입히며 투명 상태가 해제됩니다.,60 / 70 / 80,5.5 / 5.5 / 5,1 / 3 / 5,,레이든/카오스(워크래프트 3/유즈맵)
레이든,캐릭터 모델 첨부 부탁드립니다.,스콜지,민첩,R,분신술,"자신의 환영 분신 1개를 만들며 자신에게 적용된 모든 마법을 무효화 시킵니다. 이 분신은 30초간 지속되고 본체의 60% / 80% / 100%의 능력을 지니며, 200%의 피해를 입습니다. 기술을 시전하는 0.5초간 무적 상태",45 / 55 / 65,33 / 27 /22,1 / 3 / 5,,레이든/카오스(워크래프트 3/유즈맵)
레이든,캐릭터 모델 첨부 부탁드립니다.,스콜지,민첩,C,환영 난참,"8초간 환영 1기를 내보내 주변 적 유닛의 방어력을 2 감소시키고, 10 / 14 / 18의 피해를 입히는 수리검을 초당 20 / 25 / 33발씩 발사합니다. 한 유닛에게 최대 10발 발사",65 / 70 / 75,16 / 13 / 10,1 / 5 / 9,,레이든/카오스(워크래프트 3/유즈맵)
레이든,캐릭터 모델 첨부 부탁드립니다.,스콜지,민첩,E,환영술,"30초간 자신을 따라다니는 환영 4 / 6기를 소환해 800 범위내 적에게 초당 100 - 110 / 100 - 115(일반)의 피해를 입히고, 200 범위에 70%의 방사 피해를 입힙니다. 환영은 매 공격마다 (자신의 레벨 - 6) X 4의 추가 물리 피해를 입힘 사용시 환영 폭발이 활성화됨 F - 환영 폭발 적에게 환영 1기를 자폭시켜 200 / 300의 피해를 입힙니다. 마력 30 / 50 소모, 재사용 대기시간 3초 건물 및 기계에는 50%의 피해를 입힘",120 / 150,150,6 / 12,,레이든/카오스(워크래프트 3/유즈맵)
레이디 데스,레이스 퀸,스콜지,지능,D,죽음의 냉기,"대상에게 60 / 110 / 160의 피해를 입히고 대상을 포함한 200 / 250 / 300 범위내 적들에게 80 / 150 / 220의 냉기 피해를 입힙니다. 냉기 피해를 받은 유닛은 3초간 공격 속도를 20%, 이동 속도를 30%만큼 감소시킵니다.",70 / 80 / 90,7 / 8 / 9,1 / 4 / 7,,레이디 데스
레이디 데스,레이스 퀸,스콜지,지능,C,고통의 비명,자신 주변 850 범위 내 적 유닛에게 150 / 250 / 350의 피해를 입히고 5초간 공격 속도와 이동 속도를 50% 감소시킵니다.,70 / 80 / 90,9,1 / 4 / 8,,레이디 데스
레이디 데스,레이스 퀸,스콜지,지능,E,고통의 희열,습득시 영구적으로 입는 피해의 10%만큼 체력과 마력을 회복합니다. 사용시 25초간 회복량이 20% / 25% / 30%로 증가합니다.,50 / 60 / 70,40,1 / 3 / 5,,레이디 데스
레이디 데스,레이스 퀸,스콜지,지능,W,레이스 스웜,30초간 자신을 따라다니는 레이스 20 / 30기를 소환해 1000 범위내 적에게 초당 50 - 55(카오스)의 피해를 입히고 입힌 피해의 65%만큼 자신의 체력을 회복합니다. 적 1기당 최대 10 / 15기의 레이스가 동시에 공격 가능,150 / 200,150,6 / 12,,레이디 데스
로자미어,캐릭터 모델 첨부 부탁드립니다.,스콜지,민첩,E,교란 이동,"자신 주변 300 / 400 / 500 범위내 적 유닛을 1초간 공포 상태로 만들고, 5초간 자신의 이동 속도가 500 / 550 / 600으로 변경됩니다. 지속시간동안 모든 이동 속도 감소 효과 면역",70 / 85 / 90,20,1 / 4 / 7,,로자미어/카오스(워크래프트 3/유즈맵)
로자미어,캐릭터 모델 첨부 부탁드립니다.,스콜지,민첩,T,암흑 나방,직선으로 암흑 나방을 날려 100 / 200 / 300의 피해를 입히고 3초후부터 4초간 시야를 1300 / 1450 / 1600만큼 감소시킵니다. 밤 시야는 300 / 450 / 600만큼 감소시킴 시야 감소는 영웅에게만 적용 맞은 영웅은 아군의 시야를 공유받지 못함 시야 감소는 마법 면역 무시,70 / 80 / 90,13,1 / 3 / 5,,로자미어/카오스(워크래프트 3/유즈맵)
로자미어,캐릭터 모델 첨부 부탁드립니다.,스콜지,민첩,R,독 나방 공격,"매 공격마다 20 / 35 / 50 / 65의 추가 피해를 입히고, 200 범위에 방사 피해를 입힙니다. 또한 25% 확률로 10초간 초당 20 / 35 / 50 / 65의 피해를 입히는 독을 묻힙니다. 독이 묻은 유닛이 사망시 체력이 10 / 20 / 30 / 40만큼, 마력이 5 / 10 / 15 / 20만큼 회복됨 오브 기반",2 / 4 / 6 / 8,-,2 / 5 / 8 / 11,,로자미어/카오스(워크래프트 3/유즈맵)
로자미어,캐릭터 모델 첨부 부탁드립니다.,스콜지,민첩,W,나방의 등불,해당 위치에 나방을 끌어모으는 등불을 설치합니다. 등불은 5초간 600 거리의 무작위 위치에서 0.2초마다 80 / 120의 피해를 입히는 나방 2마리를 소환해 끌어모읍니다. 건물 및 기계에는 40%의 피해를 입힘 영웅과 건물에게는 최대 피해량 750 / 1100,150 / 200,135,6 / 12,,로자미어/카오스(워크래프트 3/유즈맵)
로칸,캐릭터 모델 첨부 부탁드립니다.,센티널,지능,C,워터 매그넘,최대 적 2 / 3 / 4기에게 튕기는 마법의 물총[1]을 발사해 180 / 290 / 400의 피해를 입힙니다. 다음 목표물로 넘어갈 때마다 피해량 0% / 5% / 10% 감소,100 / 115 / 130,9,1 / 4 / 8,원전은 로칸이다.,로칸/카오스(워크래프트 3/유즈맵)
로칸,캐릭터 모델 첨부 부탁드립니다.,센티널,지능,E,헤이스트,"60초간 공격 속도를 40% / 70% / 100%, 이동 속도를 20% / 30% / 40% 증가시키며, 매 공격마다 적의 현재 체력의 2%만큼의 추가 피해를 입힙니다.",60 / 70 / 80,45,1 / 3 / 5,원전은 로칸이다.,로칸/카오스(워크래프트 3/유즈맵)
로칸,캐릭터 모델 첨부 부탁드립니다.,센티널,지능,T,로칸 워드,"사용 즉시 범위내 아군 영웅의 체력을 100 / 150 / 200 회복시킵니다. 또한 지속시간동안 550 범위내 아군 유닛의 방어력을 2 / 3 / 4 증가시키며, 초당 최대 체력의 1% / 2% / 3%를 회복시키는 로칸 워드를 소환합니다. 로칸 워드 스펙은 아래 참조 로칸 워드 체력 300 / 400 / 500, 방어력 2 / 3 / 4(대형), 워드 타입, 지속시간 12초",100 / 125 / 150,28,2 / 5 / 8,원전은 로칸이다.,로칸/카오스(워크래프트 3/유즈맵)
로칸,캐릭터 모델 첨부 부탁드립니다.,센티널,지능,W,포세이돈의 분노,"포세이돈의 분노 워드 8 / 12 / 16기를 소환합니다. 포세이돈의 분노 워드 스펙은 아래 참조 포세이돈의 분노 체력 600 / 725 / 850, 공격력 55 - 55(관통→영웅), 사정거리 600 / 650 / 700, 방어력 1 / 3 / 5(대형), 공격 속도 0.85, 워드 타입, 지속시간 30초 3레벨에는 공격 타입이 영웅으로 변경",150 / 200 / 250,165,6 / 12 / 18,원전은 로칸이다.,로칸/카오스(워크래프트 3/유즈맵)
루시퍼,둠 브링거,스콜지,지능,F,방화(incinerate),불기둥 하나를 소환해 닿은 대상에게 즉시 50 / 100 / 150의 피해를 입히고 8초간 초당 20 / 33 / 46의 추가 피해를 입힙니다.,80 / 100 / 120,12 / 11 / 10,1 / 4 / 5,,루시퍼/카오스(워크래프트 3/유즈맵)
루시퍼,둠 브링거,스콜지,지능,B,텔레포트,"아군의 유닛이나 건물이 있는 곳으로 이동합니다. 시전 대기시간 3초, 채널링 기술 대상이 된 유닛이나 건물은 시전 대기시간동안 행동불가",40 / 50 / 60,22 / 17 / 12,1 / 3 / 5,,루시퍼/카오스(워크래프트 3/유즈맵)
루시퍼,둠 브링거,스콜지,지능,E,생명의 물결,최대 아군 3 / 4 / 5기에게 이동하는 생명의 물결을 내보내 체력을 110 / 210 / 310 회복시킵니다. 다음 대상으로 넘어갈 때마다 회복량 4% / 5% / 6% 감소 둠 가드를 대상으로 할 경우 추가로 100의 체력을 회복,80 / 100 / 120,9,1 / 3 / 5,,루시퍼/카오스(워크래프트 3/유즈맵)
루시퍼,둠 브링거,스콜지,지능,D,파멸,"대상을 즉사시키고 둠 가드를 소환합니다. 영웅 및 궁극기급 소환물에게 사용 불가 아군을 대상으로도 사용 가능 3레벨에는 땅을 클릭해 대상 없이 자신의 바로 앞에 소환 가능 둠 가드 스펙은 아래 참조 둠 가드 / 강화된 둠 가드 체력 2350 / 2850, 체력 회복 속도 0.5, 마력 900 / 1200, 마력 회복 속도 4, 지상 공격력 101 - 108 / 121 - 128(카오스), 지상 사정거리 근접, 공중 공격력 91 - 93 / 111 - 113(카오스), 공중 사정거리 600, 방어력 10 / 15(대형), 공격 속도 1.0, 이동 속도 380 / 420, 지속시간 75 / 80 / 85초 2레벨부터 강화되고 3레벨에는 지속시간만 증가 D - 디스펠 매직 600 범위내 모든 마법을 해제합니다. 마력 75 소모, 재사용 대기시간 8초 적 소환물에게 200의 피해를 입힘 T - 워 스톰프 땅을 내려쳐 350 범위내 적에게 250의 피해를 입히고 3초간 기절시킵니다. 마력 90 소모, 재사용 대기시간 9초 C - 크리플 10초간 대상의 공격력을 50%, 공격 속도를 50%, 이동 속도를 75% 감소시킵니다. 마력 90 소모, 재사용 대기시간 15초 F - 지옥의 화염비 0.5초마다 35의 피해를 입히는 화염비를 20번 떨어뜨립니다. 마력 125 소모, 재사용 대기시간 8초 채널링 기술 생명의 탑을 제외한 건물에는 50%의 피해를 입힘 패시브 - 리지스턴트 스킨 적군의 마법이 지속되는 시간을 줄여주고 특정 마법에 대한 면역을 제공합니다.",150 / 200 / 250,150,6 / 12 / 18,,루시퍼/카오스(워크래프트 3/유즈맵)
리키안,워크래프트3 유즈맵 CHAOS의 스콜지 일반 영웅.,스콜지,민첩,E,늑대 울음,350 범위내 적 유닛에게 100 / 200 / 300의 피해를 입히고 3초간 공격과 마법을 사용할 수 없게 만듭니다. 디스펠로 해제 가능,60 / 70 / 80,12,1 / 3 / 5,,리키안
리키안,워크래프트3 유즈맵 CHAOS의 스콜지 일반 영웅.,스콜지,민첩,G,늑대의 저주,적 유닛에게 걸린 모든 마법을 해제하고 1 / 2 / 3초간 이동할 수 없게 만듭니다. 또한 이동 속도를 0으로 만들며 이동 속도는 3 / 4 / 5초에 걸쳐 서서히 회복됩니다. 적 소환물에게 100 / 200 / 300의 피해를 입힘,60 / 70 / 80,21 / 18 / 15,1 / 3 / 5,,리키안
리키안,워크래프트3 유즈맵 CHAOS의 스콜지 일반 영웅.,스콜지,민첩,패시브,야수의 생명력,자신과 주변 800 범위내 아군의 체력 회복 속도를 3 / 5 / 7만큼 증가시킵니다.,-,1 / 2 / 4,,,리키안
리키안,워크래프트3 유즈맵 CHAOS의 스콜지 일반 영웅.,스콜지,민첩,W,야수화,"해당 위치로 이동하는 동시에 야수 형태로 변신합니다. 야수 형태 스펙은 아래 참조 야수 형태 체력이 325, 체력 회복 속도가 5, 공격력이 17, 방어력이 5 증가하며, 사정거리가 근접, 기본 공격 속도가 1.3, 충돌 크기가 중대형으로 변경됩니다. 늑대 울음, 늑대의 저주 사용 불가 늑대의 격노 사용 가능 패시브 - 강력한 치명타 매 공격마다 55% 확률로 1.8배의 피해를 입힙니다. 패시브 - 뱀파이어릭 오라 자신과 주변 600 범위내 아군 근접 유닛이 공격할 때마다 입힌 피해의 20%만큼 체력을 회복합니다. F - 늑대의 격노 사용시 12초간 공격 속도가 100%, 이동 속도가 50%, 강력한 치명타 배수가 0.7만큼 증가합니다. 재사용 대기시간 60초 사용시 기습 공격이 활성화됨 F - 기습 공격 즉시 해당 적 유닛의 위치로 이동합니다. 사정거리 700. 재사용 대기시간 2초 W - 인간화 마력 50을 소모해 인간 형태로 변신합니다. 재사용 대기시간 6초",50,6,,,리키안
마누트,캐릭터 모델 첨부 부탁드립니다.,센티널,지능,T,나무 기생혼,"50초간 나무에 기생혼을 심어 300 / 500 / 700의 시야를 확보합니다. 기생혼은 주변 적 영웅에게 자동으로 달라붙어 8초간 시야를 공유하고, 10초가 되기 전에 시야 공유가 해제될 경우 150 / 250 / 350의 피해와 2초간 공격 속도와 이동 속도를 15% / 25% / 35% 감소시킵니다. 마법 면역인 영웅에게는 달라붙지 않음 디스펠로 시야 공유 해제 가능 피해와 공격 속도, 이동 속도 감소는 마법 면역 무시",95 / 110 / 125,20,2 / 5 / 8,,마누트/카오스(워크래프트 3/유즈맵)
마누트,캐릭터 모델 첨부 부탁드립니다.,센티널,지능,E,나무 동화,E - 나무 동화 상태로 변형 사용시 마력 10 / 15 / 20을 소모해 5초간 나무 동화가 활성화됩니다. 나무 동화를 사용하지 않을 경우 원래대로 돌아옵니다. E - 나무 동화 5 / 10 / 15초간 나무 안으로 숨어 무적과 투명 상태가 되지만 이동할 수 없습니다. 숨은 나무가 파괴되면 무적과 투명 상태가 해제됩니다. 사용시 2초후에 나무 이동이 활성화됨 사용 즉시 나무 동화 해제가 활성화됨 E - 나무 이동 마력 20을 소모해 850 범위내 다른 나무로 이동합니다. 재사용 대기시간 5초 D - 나무 동화 해제 마력 25를 소모해 즉시 해당 나무를 파괴하고 나무 동화를 해제합니다.,30 / 40 / 50,25,1 / 3 / 5,,마누트/카오스(워크래프트 3/유즈맵)
마누트,캐릭터 모델 첨부 부탁드립니다.,센티널,지능,F,나무의 혼령,"20초간 공격 속도가 20% / 30% / 40% / 50% 증가하며, 매 공격마다 20% 확률로 마력 10 / 20 / 30 / 40을 소모해 50 + 지능 X 0.5 / 1 / 1.5 / 2의 추가 피해를 입힙니다. 디스펠로 해제 가능",40 / 50 / 60 / 70,4,1 / 4 / 7 / 10,,마누트/카오스(워크래프트 3/유즈맵)
마누트,캐릭터 모델 첨부 부탁드립니다.,센티널,지능,패시브,무형의 공격,"영구적으로 지능이 15 / 30 증가하고, 사정거리가 150 / 250 증가하며, 공격 미사일이 투명해집니다.",-,5 / 10,,,마누트/카오스(워크래프트 3/유즈맵)
마이에브,캐릭터 모델 첨부 부탁드립니다.,센티널,민첩,F,마이에브 나이프,칼날을 던져 800 범위내 적 유닛에게 100 / 200 / 300의 피해를 입힙니다.,80 / 85 / 90,9,1 / 3 / 5,원전은 마이에브 섀도송이다.,마이에브/카오스(워크래프트 3/유즈맵)
마이에브,캐릭터 모델 첨부 부탁드립니다.,센티널,민첩,B,깃털,최대 400 / 550 / 700 거리만큼 순간이동합니다. 미사일 형태의 기술 흡수 가능 탐험되지 않은 지역으로 이동 불가,20 / 30 / 40,8,1 / 3 / 5,원전은 마이에브 섀도송이다.,마이에브/카오스(워크래프트 3/유즈맵)
마이에브,캐릭터 모델 첨부 부탁드립니다.,센티널,민첩,패시브,마이에브 닷지,"적의 공격을 5% / 10% / 15% 확률로 회피하며, 매 공격마다 20% 확률로 2 / 2.5 / 3배의 피해를 입힙니다. 회피는 회피 아이템과 중복 불가",-,1 / 3 / 5,,원전은 마이에브 섀도송이다.,마이에브/카오스(워크래프트 3/유즈맵)
마이에브,캐릭터 모델 첨부 부탁드립니다.,센티널,민첩,V,폭주,"25초간 체력이 500, 공격력이 60, 방어력이 5만큼 증가하며 마법에 면역이 됩니다.",150,6,,원전은 마이에브 섀도송이다.,마이에브/카오스(워크래프트 3/유즈맵)
마젠다,여도적,센티널,민첩,T,시프 트랩,"트랩을 설치합니다. 트랩은 주변 250 범위내 적 유닛이 있으면 폭발하여 400 범위내 적 유닛과 건물에 100 / 200 / 300의 마법 피해를 입히고, 1 / 1.5 / 2초간 기절시킵니다. 마젠다가 트랩을 공격하면 즉시 폭발합니다.[1] 건물 및 기계에는 기절은 적용되지 않음 사용후 1.5초내에 적 영웅이 범위 내에 있을 경우 바로 폭발 트랩 스펙은 아래 참조 트랩 체력 300 / 450 / 600, 방어력 0, 워드 타입, 지속시간 90초",70 / 85 / 100,15,1 / 4 / 7,,마젠다
마젠다,여도적,센티널,민첩,G,강탈,적의 뒤로 이동하며 0.1초간 기절시킵니다. 대상이 영웅일 경우 40 / 70 / 100 + 적 영웅 레벨 X 5 만큼의 골드를 훔쳐옵니다. (최대 100 / 150 / 200 강탈),75 / 90 / 105,20,1 / 4 / 7,,마젠다
마젠다,여도적,센티널,민첩,패시브,출혈,"영구적으로 공격력이 20 / 30 / 40 증가하며, 매 공격마다 30% 확률로 출혈을 발생시킵니다. 출혈에 걸린 대상은 12초간 초당 15 / 30 / 45의 피해를 입고, 이동 속도가 25% 감소합니다. 오브 기반 이동 속도 감소는 마법 면역 무시",-,1 / 4 / 7,,,마젠다
마젠다,여도적,센티널,민첩,W,암살,"20초간 해제되지 않는 투명[4]상태가 되며, 공격 속도 150%와 이동 속도 100% / 150%가 증가합니다. 또한 지속시간동안 입는 마법 피해가 8% / 13% 감소합니다. 암살 2레벨 사용시 지속시간동안 최대 이동 속도 500 습득시 영구적으로 기민함 활성화됨 패시브 - 기민함 이동 속도가 30% / 50% 증가합니다.",100 / 150,75,6 / 12,,마젠다
멀머던,캐릭터 모델 첨부 부탁드립니다.,스콜지,힘,T,가시 촉수 소환,"가시 촉수 2 / 3 / 4기를 소환합니다. 가시 촉수 스펙은 아래 참조 가시 촉수 체력 350, 공격력 33 - 34(일반), 사정거리 200, 방어력 5(대형), 공격 속도 0.8, 워드 타입, 지속시간 40초",60 / 80 / 100,9 / 10 / 11,1 / 4 / 7,,멀머던
멀머던,캐릭터 모델 첨부 부탁드립니다.,스콜지,힘,R,기생충,"적 유닛에게 기생충을 심어 12초간 초당 15 / 25 / 35의 피해를 입히고, 공격 속도를 30%만큼, 이동 속도를 40%만큼 감소시킵니다. 지속시간내에 대상이 사망하면 슬러쥐 미니언이 1 / 2 / 3기 태어납니다. 슬러쥐 미니언 스펙은 아래 참조 적중된 이후에는 마법 면역 무시 슬러쥐 미니언 체력 500, 마력 200, 공격력 19 - 20(카오스), 사정거리 근접, 방어력 5(중형), 공격 속도 0.7, 이동 속도 350, 지속시간 80초 패시브 - 추가 대미지 적 영웅을 공격할 경우 매 공격마다 20의 추가 피해를 입힙니다.",75 / 80 / 95,13,1 / 3 / 5,,멀머던
멀머던,캐릭터 모델 첨부 부탁드립니다.,스콜지,힘,E,습지,"12초간 범위 1000의 습지를 해당 위치에 생성합니다. 습지는 자신과 자신의 모든 소환물의 체력을 초당 20 / 35 / 60 + 최대 체력의 2%만큼 회복시키고, 공격 속도를 10% / 17% / 25%만큼, 이동 속도를 20% / 35% / 50%만큼 증가시킵니다. 사용시 텀프가 활성화됨 패시브 - 텀프 40% / 55% / 70% 확률로 대상과 주변 유닛에게 30 / 50 / 70의 추가 피해를 입힙니다.",80 / 90 / 100,40,1 / 4 / 7,,멀머던
멀머던,캐릭터 모델 첨부 부탁드립니다.,스콜지,힘,W,망각의 괴물 소환,"해당 위치에 망각의 괴물을 소환합니다. 망각의 괴물 스펙은 아래 참조 망각의 괴물 체력 1200, 방어력 20(영웅), 지속시간 15초 600 범위내에 선택할 수 없는 공격력 15 / 20 (영웅)의 작은 촉수들을 무수히 소환, 매 공격마다 50% 확률로 150 범위내 적 유닛에게 35 / 50의 마법 피해를 입힘 F - 촉수 감옥 1.5 / 2초간 600 범위내 최대 적 유닛 4기를 가두는 가시 촉수를 소환합니다. 가시 촉수 체력 350, 공격력 20 - 20 / 30 - 30(일반), 사정거리 200, 방어력 5(대형) 유닛 1기당 촉수 4기 소환 패시브 - 마법 면역 마법에 면역이 됩니다.",200 / 250,150,6 / 12,,멀머던
메두사,나가왕국 여왕,스콜지,지능,B,파멸의 시선,파멸의 시선을 날려 100 / 200 / 300의 피해를 입히고 1 / 1.75 / 2.5초간 기절시킵니다. 사정거리 650 / 700 / 750,75 / 100 / 120,9,1 / 3 / 5,,메두사/카오스(워크래프트 3/유즈맵)
메두사,나가왕국 여왕,스콜지,지능,D,바다뱀 소환,"바다뱀 2기를 소환합니다. 바다뱀 스펙은 아래 참조 바다뱀 체력 365 / 465 / 565, 체력 회복 속도 0.5, 공격력 20 - 22 / 24 - 26 / 28 - 30(영웅), 사정거리 근접, 방어력 2 / 4 / 6(비무장), 공격 속도 0.9, 이동 속도 350, 마법 피해 15% 감소, 지속 시간 35초 지상만 공격 가능 패시브 - 뱀독 매 공격마다 50% 확률로 적 유닛에게 자신의 지능 X 0.2 / 0.3 / 0.4만큼의 마법 피해를 입힙니다. 메두사 주변 800 범위내에 있을 경우에만 적용 I - 하이드 자동 공격을 중지하고 몸을 숨겨 은신 상태가 됩니다. 밤에만 사용 가능",60 / 70 / 80,10 / 6.5 / 3,1 / 4 / 7,,메두사/카오스(워크래프트 3/유즈맵)
메두사,나가왕국 여왕,스콜지,지능,F,갈라진 번개,대상과 근처 유닛에게 갈라진 번개를 내보내 120 / 240 / 360의 피해를 입힙니다.,90 / 110 / 130,10,1 / 3 / 5,,메두사/카오스(워크래프트 3/유즈맵)
메두사,나가왕국 여왕,스콜지,지능,W,폭염,10 / 12초간 600 범위내 모든 적 유닛과 건물에 60 / 90의 피해를 입히는 불비를 40회 떨어뜨립니다. 불비를 맞은 유닛은 15초간 초당 20 / 40의 피해를 입습니다. 채널링 기술 건물에는 60%의 피해를 입힘,200 / 250,165,6 / 12,,메두사/카오스(워크래프트 3/유즈맵)
멜쉬드,캐릭터 모델 첨부 부탁드립니다.,센티널,지능,E,물 안개,"6초간 자신의 주변 500 범위내 적의 이동 속도를 15% / 20% / 25% 감소시키고, 자신의 공격 속도를 10% / 20% / 30% 증가시키며, 냉기 타격의 확률을 7% 증가시키는 물 안개를 생성합니다.",75 / 100 / 125,20,1 / 5 / 9,,멜쉬드
멜쉬드,캐릭터 모델 첨부 부탁드립니다.,센티널,지능,F,물의 장막,"물의 장막을 활성화합니다. 초당 8 / 14 / 20의 마력을 소모해 방어력이 1 / 2 / 3 증가하고, 모든 피해가 4% / 6% / 8% 감소하며, 주변 적 유닛에게 0.5초마다 25 / 40 / 55의 피해를 입힙니다.",10 / 16 / 22,-,1 / 5 / 9,,멜쉬드
멜쉬드,캐릭터 모델 첨부 부탁드립니다.,센티널,지능,패시브,냉기 타격,"매 공격마다 적 유닛과 건물을 1 / 2 / 3초간 얼리며 2배의 피해를 입힙니다. 영웅은 4% / 6% / 8% 확률로 0.8초간 얼립니다. 지옥의 악령, 죽음의 수호신, 저주의 탑에게는 효과 없음",-,1 / 3 / 5,,,멜쉬드
멜쉬드,캐릭터 모델 첨부 부탁드립니다.,센티널,지능,W,정화의 눈,"15초간 탐지 능력을 가진 정화의 눈을 소환해 범위내 모든 아군의 방어력을 5 증가시키고, 적 생명체에게 초당 120 / (120 + 최대 체력의 1.5%)의 피해를 입힙니다. 투사체가 발사된 이후에는 마법 면역이 되어도 피해가 적용됨 최대 체력의 1.5% 피해는 마법 면역 무시",200 / 250,150,6 / 12,,멜쉬드
멤피스,캐릭터 모델 첨부 부탁드립니다.,스콜지,히든,,냉기 뿜기,"브레스 오브 파이어 기반. 냉기를 뿜어 전방에 적들과 건물에 피해를 준다. 사정거리 700(800). 효과범위 300. 재사용 대기시간 8초. 1레벨 - 냉기를 뿜어 전방의 적들에게 150의 피해를 준다. 마력소모 75. 2레벨 - 냉기를 뿜어 전방의 적들에게 250의 피해를 준다. 마력소모 100. 3레벨 - 냉기를 뿜어 전방의 적들에게 350의 피해를 준다. 마력소모 125. 아키로의 스킬과 비교하면 그다지 별 좋지 않은 스킬. 그래도 사정거리도 꽤 길고, 건물에게도 피해를 줄 수 있는 것도 나름 장점. 한타에도 도움이 된다.",,,,,멤피스/카오스(워크래프트 3/유즈맵)
멤피스,캐릭터 모델 첨부 부탁드립니다.,스콜지,히든,,가시 지뢰,"퀼비스트 소환 기반. 적 영웅에게만 반응하는 지뢰를 매설한다. 소환된 지뢰는 고블린 지뢰 능력을 가지며 폭발시 카붐! 기반[1]의 피해를 준다. 지뢰를 소환하지만 시야는 가지지 않는다. 마법 면역을 무시한다. 1레벨 - 폭발 시 효과범위 200에 450, 효과범위 400에 300에 피해를 주는 가시 지뢰를 소환한다. 재사용 대기시간 12초. 마력소모 50. 2레벨 - 폭발 시 효과범위 200에 450, 효과범위 400에 300에 피해를 주는 가시 지뢰를 소환한다. 재사용 대기시간 9초. 마력소모 70. 3레벨 - 폭발 시 효과범위 200에 450, 효과범위 400에 300에 피해를 주는 가시 지뢰를 소환한다. 재사용 대기시간 6초. 마력소모 90. 스컬지에는 행운, 센티널에는 지옥. 영웅 한정으로 발동되어서 크립 나오는 곳마다 몇 개씩 심어두면 도망가다가 그대로 사망한다. 특히 웨이게이트 나오는 곳에 중복하여 심어두면 이동하는 순간 몇천의 대미지를 고스란히 받는다. 드러커 형제의 지뢰와는 다르게 대영웅 특화 지뢰.",,,,,멤피스/카오스(워크래프트 3/유즈맵)
멤피스,캐릭터 모델 첨부 부탁드립니다.,스콜지,히든,,가시 껍질,"패시브 기술. 멤피스의 방어력이 상승하며, 근접 공격으로 입은 피해의 일부를 되돌려준다. 반사시키는 피해는 멤피스가 입은 피해에 비례하며, 마법 피해로 반사시키기 때문에 마법 면역에는 피해를 주지 못한다. 대천사의 축복 및 가시방패의 쏜즈오라, 어둠의 제왕의 쏜즈오라, 엘룬의 가호의 쏜즈 능력과 중복된다. 1레벨 - 방어력 +3. 근접 공격한 적의 매 공격 시 공격력의 15%를 반사시켜 피해를 준다. 2레벨 - 방어력 +6. 근접 공격한 적의 매 공격 시 공격력의 20%를 반사시켜 피해를 준다. 3레벨 - 방어력 +9. 근접 공격한 적의 매 공격 시 공격력의 25%를 반사시켜 피해를 준다. 그리메와는 다르게 반사피해가 5%차이가 나지만, 방어력이 올라간다. 역시 다른 쏜즈 오라 계열 오라와 중복된다.",,,,,멤피스/카오스(워크래프트 3/유즈맵)
멤피스,캐릭터 모델 첨부 부탁드립니다.,스콜지,히든,,멤피스 룬,"로커스트 스웜 + 힐링워드 기반. 멤피스와 효과범위 내 아군의 체력을 회복시키는 룬을 소환한다. 룬은 지속시간 동안 멤피스 주위를 맴돈다. 효과범위 1000. 지속시간 30초. 1레벨 - 효과범위 내 아군의 체력을 초당 4% 회복시키는 룬을 소환한다. 재사용 대기시간 180초. 마력소모 150. 거의 모든 영웅에게 도움이 될 수 있는 스킬. 특히 이 스킬이 구르르와 리키안에게 매우 효율적이다. 야생 본능과 야수의 생명력까지 더해서 구르르는 좀비가 될 수 있고, 리키안의 오라로 인한 모든 캐릭터가 체력이 끔찍하게 차는 경우도 볼 수 있다. 로칸의 로칸워드와 비교하면 3레벨에 체력 초당 3% 회복에 지속시간 40초지만 건물유닛이라는 걸 고려해보면 정말 좋은 스킬.",,,,,멤피스/카오스(워크래프트 3/유즈맵)
무라딘,마운틴 킹,센티널,힘,C,라이징 썬더 클랩,"땅을 내려쳐 550 범위내 적에게 100 / 200 / 300의 피해를 입히고, 1 / 1.25 / 1.5초간 기절시킵니다.",70 / 85 / 100,9,1 / 3 / 5,,무라딘/카오스(워크래프트 3/유즈맵)
무라딘,마운틴 킹,센티널,힘,V,자이언트 그로스,"18초간 체력이 100 / 200 / 300 증가하고, 방어력이 4 감소하며, 마법에 면역이 됩니다.",80 / 90 / 100,65,1 / 4 / 7,,무라딘/카오스(워크래프트 3/유즈맵)
무라딘,마운틴 킹,센티널,힘,패시브,마르티산의 도끼,"마법 면역이 아닌 적을 공격시 50 / 100 / 150의 추가 피해를 입히고, 0.5초간 기절시킵니다. 마법 면역인 적을 공격시 재사용 대기시간이 돌아가지 않음",-,7 / 6 / 5,1 / 3 / 5,,무라딘/카오스(워크래프트 3/유즈맵)
무라딘,마운틴 킹,센티널,힘,T,토르의 심판,"600 범위 내 적들에게 550 / 800의 피해를 입히고, 4초간 이동 속도를 30% / 50%만큼 감소시킵니다. 또한 시전 1.5초후 범위내 적을 2초간 기절시킵니다. 피해와 이동 속도 감소는 마법 면역 무시 마법 면역 시 기절은 적용되지 않음",150 / 200,165,6 / 12,,무라딘/카오스(워크래프트 3/유즈맵)
뮤턴트,캐릭터 모델 첨부 부탁드립니다.,스콜지,힘,F,살점 뜯기,자신 주위 380 범위내 적 유닛에게 0.3초마다 15 / 20 / 25 / 30의 피해를 입힙니다.,-,1 / 4 / 7 / 10,,,뮤턴트/카오스(워크래프트 3/유즈맵)
뮤턴트,캐릭터 모델 첨부 부탁드립니다.,스콜지,힘,R,죽음의 공포,400 범위내 적 유닛을 1 / 1.5 / 2초간 공포 상태로 만듭니다.,60 / 70 / 80,15,1 / 3 / 5,,뮤턴트/카오스(워크래프트 3/유즈맵)
뮤턴트,캐릭터 모델 첨부 부탁드립니다.,스콜지,힘,D,땅파기,"습득시 영구적으로 방어력이 1 / 3 / 5 증가합니다. 사용시 땅을 파고 숨어 은신 상태가 되고, 초당 최대 체력의 1%만큼의 체력을 회복합니다. 땅에 숨을 경우 기본 이동 속도가 200 / 250 / 300으로 변경되고, 최대 이동 속도가 320 / 350 / 380으로 변경됨",10 / 15 / 20,4,1 / 3 / 5,,뮤턴트/카오스(워크래프트 3/유즈맵)
뮤턴트,캐릭터 모델 첨부 부탁드립니다.,스콜지,힘,W,망자의 절규,"700 범위내 적 유닛에게 초당 적의 최대 체력의 7% / 10%의 피해를 입히는 망자의 무덤을 소환합니다. 나무 파괴 가능 마법 면역 무시 망자의 무덤 스펙은 아래 참조 망자의 무덤 체력 2800, 방어 0(대형), 공중 및 기계 타입, 지속시간 13초",150 / 200,150,6 / 12,,뮤턴트/카오스(워크래프트 3/유즈맵)
바이퍼,캐릭터 모델 첨부 부탁드립니다.,스콜지,민첩,R,약화,"35초간 마법의 기둥을 소환해 근처 적 유닛에게 자동으로 약화를 시전합니다. 약화에 걸린 대상은 20초간 방어력이 4 / 7 / 10 감소하며, 시야가 공유됩니다. 디스펠로 해제 가능",70 / 80 / 90,12,1 / 4 / 7,,바이퍼/카오스(워크래프트 3/유즈맵)
바이퍼,캐릭터 모델 첨부 부탁드립니다.,스콜지,민첩,E,촉진,습득시 영구적으로 공격 속도가 20% / 40% / 60% 증가합니다. 자신이나 아군에게 사용시 50초간 공격 속도를 40% / 50% / 60% 증가시킵니다. 아군 영웅에게 사용시 공격 속도 증가량 55% / 80% / 105%,40 / 50 / 60,4,1 / 3 / 5,,바이퍼/카오스(워크래프트 3/유즈맵)
바이퍼,캐릭터 모델 첨부 부탁드립니다.,스콜지,민첩,D,독침,"매 공격마다 추가로 10 / 20 / 30 / 40의 피해를 입히고, 6초간 초당 7 / 14 / 21 / (21 + 현재 체력의 3%)의 독 피해를 입히며, 이동 속도를 5% / 10% / 15% / 20% 감소시킵니다. 4레벨에는 마법 면역 무시 오브 기반",-,1 / 4 / 7 / 10,,,바이퍼/카오스(워크래프트 3/유즈맵)
바이퍼,캐릭터 모델 첨부 부탁드립니다.,스콜지,민첩,W,맹독,대상에게 즉시 500 / 900의 피해를 입히고 1.5 / 2초간 기절시킵니다. 또한 1초간 0.5초마다 30 / 50의 독 피해를 입힙니다. 건물 및 기계에 사용 가능 마법 면역 무시,150 / 200,135 / 120,6 / 11,,바이퍼/카오스(워크래프트 3/유즈맵)
버서커,"힘영웅으로 사정거리는 125이고 기본 공격속도는 1.5, 기본 이동속도는 330이다.",,중립 ,,화풍신공,"발동 시 공격력과 방어력이 상승하며 공격 시 마법 데미지의 추가 피해를 준다. 공방 버프와 추가 피해 효과는 디스펠 당하지 않는다. 지속시간 30초. 재사용 대기시간 30초. 1레벨 - 공격력 +10, 방어력 +3. 매 공격 시 10의 추가 피해를 준다. 마력소모 50. 2레벨 - 공격력 +20, 방어력 +6. 매 공격 시 20의 추가 피해를 준다. 마력소모 70. 3레벨 - 공격력 +30, 방어력 +9. 매 공격 시 30의 추가 피해를 준다. 마력소모 90. 한때는 로어 기반이라 디스펠과 본인의 안티에 효과가 싸그리 사라지는 애매한 스킬이었다(...). 여러 차례 패치를 거쳐 디스펠이 되지 않는 지금의 형태가 되었다. 추가데미지는 마법대미지이기 때문에 적과의 교전이나 테러 양면으로 유용하다. 2스킬 버서커와 함께 쓰면 순식간에 푹푹 깎여나가는 적의 체력을 볼 수 있다.",,,,,버서커/카오스(워크래프트 3/유즈맵)
버서커,"힘영웅으로 사정거리는 125이고 기본 공격속도는 1.5, 기본 이동속도는 330이다.",,중립 ,,버서커,"버서크 기반. 발동 시 공격속도와 이동속도가 상승하나 적의 공격에 추가 피해를 입는다. 지속시간 20초. 재사용 대기시간 20초. 1레벨 - 공격속도 +50%, 이동속도 +30%. 추가피해 20%. 마력소모 50. 2레벨 - 공격속도 +100%, 이동속도 +40%. 추가피해 15%. 마력소모 70. 3레벨 - 공격속도 +150%, 이동속도 +50%. 추가피해 10%. 마력소모 90. 한때는 받는 추가피해량이 무지막지했으나 패치로 추가피해량이 점점 줄어들어 지금에 이르렀다. 현재는 화풍신공과 엄청난 공속 증가로 한타시 딜링과 테러를 모두 할 수 있게 만드는 스킬. 단, 줄어들었다고는 해도 추가피해는 여전히 아프다.",,,,,버서커/카오스(워크래프트 3/유즈맵)
버서커,"힘영웅으로 사정거리는 125이고 기본 공격속도는 1.5, 기본 이동속도는 330이다.",,중립 ,,철갑,기본 공격 피해를 줄여 받는 패시브 기술. 하드스킨 기반이므로 방어력이 적용되기 전의 피해를 먼저 줄이고 이후에 방어력이 적용된다. 하드스킨 기반이 아닌 최종뎀을 줄여주는 엘룬의 가호/방호 시리즈와 정상적으로 중첩된다. 1레벨 - 물리 공격 피해 20 감소. 2레벨 - 물리 공격 피해 35 감소. 3레벨 - 물리 공격 피해 50 감소. 히든이지만 어째 스톤콜드와 비교해서 별로 나을 게 없었다가[1] 엉뚱하게 스톤콜드의 너프(...)로 그나마 히든값을 하게 된 스킬. 하지만 스톤콜드 2스킬에 사용 효과가 생기며 다시 하위호환 신세가 되었다. 스톤콜드와 마찬가지로 초반 크리핑에 유용하며 버서커로 인한 추가데미지를 약간이나마 상쇄시켜 주기도 한다.,,,,,버서커/카오스(워크래프트 3/유즈맵)
버서커,"힘영웅으로 사정거리는 125이고 기본 공격속도는 1.5, 기본 이동속도는 330이다.",,중립 ,,질풍 유혈난무,"발동 시 버서커는 사라지고 클릭할 수 없는 공격력 1, 공격속도 0.1의 버서커가 나타나 적을 잡아둔 상태에서 피해를 준다. 90% 확률로 2초간 기절시키며, 15%의 확률의 퍼지능력을 가지고 있다. 대상은 클릭할 수 없는 버서커가 사라진 후에 피해를 입는다. 지속시간 5초. 1레벨 - 사용 후 10초 이내 적 영웅을 공격 시 발동하여 900의 피해를 준다. 재사용 대기시간 170초. 마력소모 150. 2레벨 - 사용 후 15초 이내 적 영웅을 공격 시 발동하여 1200의 피해를 준다. 재사용 대기시간 140초. 마력소모 200. 사실상 약 7초 가까운 시간 동안 스턴시키는 기술. 마법면역을 무시하고 들어가는 핵류 스킬이다. 그러나 악동, 세티어, 바이퍼나 레이나와는 달리 스킬을 발동한 후 적을 한 차례 타격해야 발동한다. 적을 때리지도 못하고 지속시간이 들어가면 그대로 궁극을 날리는 셈. 사용하면 버서커가 사라지므로 참새의 족쇄와는 달리 버서커가 공격당해 풀릴 일도 없다. 궁극이 없는 척하고 적과 싸우다가 기습적으로 발동하는 식의 사용법이 쓸 만하다. 문제는 발동할 때 약 1초간 멍때린다는 것. 이펙트가 적에게도 보이니 보면 바로 도망친다(...). 참고로 버서커는 소형이다. 즉, 나뭇길 활용이 자유롭다는 것. 즉, 나무 뒤에서 궁극 미리 쓰고 나뭇길로 덮치면 생각보다 성공률이 높다. 특히 초반에는 버서크 스킬로 인해 버서커의 이속이 월등히 빠를 때인 데다 질풍 유혈난무의 대미지는 1레벨부터 무식하게 높다. 이걸 모르는 플레이어들이 상당히 많아서 인식이 상당히 안 좋은 궁극기이다.",,,,,버서커/카오스(워크래프트 3/유즈맵)
버서커,"힘영웅으로 사정거리는 125이고 기본 공격속도는 1.5, 기본 이동속도는 330이다.",,중립 ,,질풍 사후난무,"패시브 기술. 로커스트 기반. 버서커가 사망 시 공격력 1(카오스)+35(마법), 공격속도 0.1, 이동속도 450의 버서커의 원혼이 소환되어 주변의 적을 공격한다. 지속시간 11초. 스킬창에 표시되지 않는 스킬로 버서커 사망 시 자동으로 발동되는 기술이다. 버서커가 사망한 자리 주변에 있는 적을 공격하며 일정 거리 이상 떨어질 경우 원래 자리로 복귀한다.",,,,,버서커/카오스(워크래프트 3/유즈맵)
베나자르,체력,스콜지,히든,,데스 코일,"어둠의 기운을 날려 아군의 체력은 회복시키고, 적에게는 피해를 준다. 자신에게 사용할 수 있다. 기계와 건물에는 사용할 수 없다. 미사일속도 1100. 사정거리 800. 재사용 대기시간 9초. 1레벨 - 어둠의 기운을 날려 아군의 체력을 300 회복시키거나, 적에게 150의 피해를 준다. 마력소모 75. 2레벨 - 어둠의 기운을 날려 아군의 체력을 500 회복시키거나, 적에게 250의 피해를 준다. 마력소모 100. 3레벨 - 어둠의 기운을 날려 아군의 체력을 700 회복시키거나, 적에게 350의 피해를 준다. 마력소모 125. 존재 자체로 자기 자신의 생존과 팀 플레이에 큰 도움이 되는 기술. 브로켄 백작과 같은 긴 사정거리나 반사 체력 회복 같은 부가 기능은 없다. 하지만 자신의 체력을 회복할 수 있고 날아가는 속도가 빠르며 어둠의 제왕을 치유할 수 있기 때문에 브로켄의 퓨어 이블보다 더 좋다고 할 수 있다. 엘딘이나 브로켄 백작처럼 상대는 기회만 된다면 무조건 달려들어 베나자르를 무력화 시킬게 뻔하기 때문에 이 스킬을 믿고 탱커같이 플레이하는 건 절대로 금물이다.",,,,,베나자르
베나자르,체력,스콜지,히든,,슬립,"대상 적을 잠재운다. 잠들고 최초 3초는 무적 상태가 되며, 그 이후로 공격당하면 잠에서 깨어난다. 마법면역에는 사용할 수 없다. 사정거리 800, 재사용 대기시간 10초. 1레벨 - 대상 적을 5초간 잠재운다. 마력소모 50. 2레벨 - 대상 적을 10초간 잠재운다. 마력소모 50. 3레벨 - 대상 적을 15초간 잠재운다. 마력소모 50. 베나자르가 사기인 이유 1. 지속 시간이 재사용 대기시간보다 길기 때문에 무한 슬립도 가능한 황당한 기술이다. 한타 때엔 영웅 하나를 재워서 흐름을 뺏는 것이 기본 활용이다. 히든다운 면모가 드러나는 때는 나엘영웅 혼자 돌아다니다가 베나자르 시야에 들어왔을 때 이다. 걸리면 대뜸 자기 시작하고 그렇게 계속 자다가 맵 정 반대쪽에 있던 악동, 래퍼드가 뛰어 올 때까지 계속 자고 있어야 하는 게 베나자르와 조우하는 센티널 영웅으로선 가장 당하고 싶지 않을 일이다. 기술을 당한 나엘 영웅은 처음 3초간 무적이 된다. 그래서 나엘은 어떤 수로도 슬립을 해제할 수가 없어 3초 동안 한 명 모자란 상태로 전투를 하게 되는 것이 슬립의 존재 의의지만, 언데 입장에서도 재운 상대를 어찌할 수가 없기 때문에 호흡이 안맞거나 베나를 모르는 사람이 같은 팀이라면 스킬점사가 꼬여서 죽을 나엘을 살려주게 되는 참사[1]가 일어나기도 한다[2]. 게다가 그 3초가 지나면 평타 한 대 툭 치는 것으로 신속하게 해제가 되기 때문에 베나자르는 슬립의 쿨타임 2초 동안 한타에 아무런 영향을 끼칠 수가 없어진다. 그래서 팀에 나엘 영웅을 죽일 화력이 모자라면 베나자르는 제왕이라는 이름이 무색하게 게임을 이끌 힘이 무척 떨어지게 된다. 한타에서의 슬립은 절대로 누군가를 죽이기 위해 쓰는 기술이 아님을 명심하자.",,,,,베나자르
베나자르,체력,스콜지,히든,,뱀파이어릭 오라,"패시브 기술. 주변의 근접 공격을 하는 아군들이 적을 공격할 때 준 피해의 일부만큼 체력을 회복한다. 효과범위 400. 1레벨 - 효과범위 내 근접 공격을 하는 아군이 적을 공격할 때 준 피해의 15%만큼 체력을 회복한다. 2레벨 - 효과범위 내 근접 공격을 하는 아군이 적을 공격할 때 준 피해의 25%만큼 체력을 회복한다. 3레벨 - 효과범위 내 근접 공격을 하는 아군이 적을 공격할 때 준 피해의 35%만큼 체력을 회복한다. 자기 자신에게만 적용되는 레오닉의 피의 기운과는 다르게, 효과범위 내 아군 전체에게 적용되는 오라이다. 체력 흡수 수치도 높으며, 어둠의 제왕도 체력 흡수를 한다는 점 때문에 좋...은 기술이 아니다. 한타, 특히 궁극기와 마댐 스킬이 전체 딜량의 90퍼센트 이상을 차지하는 초중반에서는 상대가 트롤링을 목적으로 일부러 대주는 게 아닌 이상 전혀 도움이 되지 않으며, 베나자르는 다른 영웅들 보다 평타 대미지가 30정도 높은 거 외엔 평타를 강화하는 기술이 아예 없기 때문에 사실상 잉여 기술이다. 최대한 빨리 6레벨을 찍고 라인을 밀어버리는 게 훨씬 팀에 도움이 되는 관계로 크리핑에 쓸 일도 거의 없다.",,,,,베나자르
베나자르,체력,스콜지,히든,,어둠의 제왕,"인페르날 기반. 하늘에서 어둠의 제왕을 소환하면서 적에게 피해를 주고 기절시킨다. 사정거리 900. 효과범위 350. 어둠의 제왕 - 레벨8, 체력 2500, 공격력 86-97(카오스), 방어력 15(대형), 공격속도 0.7, 이동속도 320, 체력회복 1(항상). 클리빙 어택, 영구 이몰레이션, 쏜즈 오라, 리지스턴트 스킨, 마법 면역을 가진다. 지속시간 80초. 1레벨 - 효과범위 내 적에게 피해를 주고 기절시키면서 어둠의 제왕을 소환한다. 재사용 대기시간 220초. 마력소모 150. 클리빙 어택 - 패시브 기술. 매 공격 시 공격 대상중심으로 효과범위 350이내의 모든 적들(건물, 기계 포함)에게 방어력을 무시하는 어둠의 제왕의 공격력의 80%만큼 피해를 준다. 영구 이몰레이션 - 패시브 기술. 효과범위 내 적들에게 1초당 30의 피해를 준다. 마법면역에는 피해를 주지 않는다. 효과범위 250. 쏜즈 오라 - 패시브 기술. 효과범위 내 아군을 근접 공격한 피해의 15%를 반사시킨다. 마법 피해로 반사시키기 때문에 적의 마법 방어력에 영향을 받고 마법 면역에는 피해를 주지 못한다. 효과범위 900. 리지스턴트 스킨 - 패시브 기술. 각종 해로운 마법의 지속시간을 영웅과 동일하게 만들어주며 둠 / 디바우어 / 트랜스뮤트 / 참 등에 대한 면역을 가지게 된다. 마법 면역 - 패시브 기술. 마법 면역을 무시하는 기술을 제외한 모든 마법공격에 피해를 입지 않고 대상도 되지 않는다. 베나자르가 사기인 이유 2. 파워 메테오가 떨어지고 그 자리에 컨트롤할 수 있는 화신이 일어선다고 생각하면 그 황당함을 짐작할 수 있을 것이다. 일단 자고 있는 적 라인 영웅 머리 위에 첫 번째 어둠의 제왕이 떨어지고 나면 범위 피해 + 기절 + 어둠의 제왕의 일반 공격 + 클리빙 어택 + 날아오는 데스 코일에 영웅이 죽고 타워까지 날아가는 게 보통이다. 재사용 대기시간이 다시 한 바퀴 돌아오면 두 번째 어둠의 제왕이 센티널 영웅 머리 위에 떨어지는데, 이걸로 보통 중보 지키던 적 영웅 1킬+중보. 세 번째 어둠의 제왕은 배력 지키던 적 영웅 1킬+배럭정리 가 되는 게 일반적이고 최상의 시나리오다. 어둠의 제왕의 지속 시간도 길어서, 팀원들의 보조가 좀 받쳐주고 방해를 배제할 수 있다면 어둠의 제왕 한 번으로 중보 두 군데 이상을 한꺼번에 처리하는 것도 가능하다. 그리고 켈자드의 화신처럼 클리빙 어택을 지니고 있기 때문에 배럭을 밀 때 배럭 앞의 타워를 쳐서 2개의 배럭을 동시에 타격하는 아트 화신을 직접 할 수 있다.[3] 워크래프트 3의 클리빙 어택을 기반으로 했기 때문에 어둠의 제왕의 클리빙 어택도 방어력을 무시하지만 공격타입을 따라간다. 따라서 카오스데미지로 배럭을 직접 쳐서 50% 정도의 대미지로 깨느니 클리빙 어택의 간접 공격 및 공격타입을 통해 80%의 대미지를 활용하는 것이 테러 속도가 더 빨라져서 좋다. 보통 소환수들은 부엉이의 '용기'로 공격속도를 높일 수가 있지만, '자체 마법 면역'으로 인하여 버프를 받을 수가 없다. 따라서, 오라템인 '대천사의 축복'으로 늘려야 한다. 특히나 브로켄 백작의 오라는 상당히 공격속도가 늘어나며, 아군의 안티 매직도 뚫는 브로켄 백작의 힐로도 회복이 가능하여 상당히 좋은 시너지가 발생한다.",,,,,베나자르
볼진,검은 창 부족의 약술사,센티널,지능,T,푸른 마비의 비약,"적 유닛에게 푸른 비약을 던져 115 / 230 / 345의 피해를 입히고, 2.5 / 3 / 3.5초간 이동 불가[1] 상태로 만듭니다. 기계에게 사용 가능",70 / 80 / 90,9,1 / 3 / 5,,볼진(카오스)
볼진,검은 창 부족의 약술사,센티널,지능,F,붉은 안개의 비약,"해당 지역에 붉은 안개의 비약을 던져 6초간 붉은 안개를 생성합니다. 안개는 처음 생성될 때 지능 X 2의 피해를 입히고, 1초간 이동 속도를 45% 감소시킵니다. 또한 안개는 지속시간동안 적 유닛과 건물의 공격 성공률을 30% / 50% / 70% 감소시키고, 초당 40 / 60 / 80의 피해를 입힙니다. 건물 및 기계에도 적용",90 / 110 / 130,12,2 / 4 / 6,,볼진(카오스)
볼진,검은 창 부족의 약술사,센티널,지능,E,노란 회복의 비약,5초간 해당 지역에 노란 비약을 뿌려 자신과 아군의 체력을 초당 40 / 70 / 100 회복시킵니다. 적 소환물에게는 회복량의 절반만큼의 피해를 입힙니다.,70 / 80 / 90,12,1 / 3 / 5,,볼진(카오스)
볼진,검은 창 부족의 약술사,센티널,지능,W,검은 속성의 비약,"적 영웅에게 사용시 6초간 모든 속성을 50% 감소시킵니다. 자신이나 아군 영웅에게 사용시 6초간 모든 속성을 50% 증가시킵니다. 최대 속성 증가량 50 / 75, 최대 속성 감소량 30 / 40 자신에게 사용시 이동 속도 15% / 30% 증가 마법 면역 무시",150 / 200,90 / 80,6 / 12,,볼진(카오스)
볼진,검은 창 부족의 약술사,센티널,지능,B,초록 중독의 비약,"20초간 자신의 이동 속도를 15%, 공격 속도를 40% 증가시킵니다. 검은 속성의 비약을 자신에게 5회 사용할 경우 영구적으로 생성되는 히든 스킬",45,50,-,,볼진(카오스)
브로켄 백작,블랙 나이트,스콜지,힘,C,퓨어 이블,"아군 언데드 유닛의 체력을 200 / 400 / 600 회복시킵니다. 적에게 사용할 경우 회복량의 절반만큼의 피해를 입힙니다. 아군에게 사용할 경우 회복량의 50%만큼, 적군에게 사용할 경우 피해량의 50%만큼 자신의 체력을 회복함",70 / 90 / 110,10,1 / 3 / 5,,브로켄 백작/카오스(워크래프트 3/유즈맵)
브로켄 백작,블랙 나이트,스콜지,힘,D,사악한 결계,자신이 바라보는 방향의 90도 각도로 직선형의 사악한 결계 22개를 소환합니다.,60 / 80 / 100,30 / 24 / 18,1 / 3 / 5,,브로켄 백작/카오스(워크래프트 3/유즈맵)
브로켄 백작,블랙 나이트,스콜지,힘,패시브,가혹한 지휘,"자신과 600 범위내 아군 유닛의 공격 속도를 10% / 25% / 40%, 이동 속도를 10% / 15% / 20% 증가시킵니다.",-,1 / 3 / 5,,,브로켄 백작/카오스(워크래프트 3/유즈맵)
브로켄 백작,블랙 나이트,스콜지,힘,패시브,마검 데스칼리버,"매 공격마다 40의 마법 피해를 입히고, 20% 확률로 1초간 기절시킵니다. 마법 면역 무시",-,5,,,브로켄 백작/카오스(워크래프트 3/유즈맵)
샤카-잔,캐릭터 모델 첨부 부탁드립니다.,센티널,민첩,D,끌어오기,"대상을 자신의 앞으로 끌고오며, 적일 경우 100 / 200 / 300의 피해를 입히며 0.2초간 기절시킵니다. 사정거리 450 / 550 / 650 아군은 마법 면역과 상관없이 끌어옴 기절은 마법 면역을 무시",80 / 100 / 120,22 / 17 / 12,2 / 4 / 6,,샤카-잔
샤카-잔,캐릭터 모델 첨부 부탁드립니다.,센티널,민첩,T,투척,"4 / 6 / 8초간 공격 타입이 관통으로, 사정거리가 500 / 575 / 650으로 변경됩니다. 지속시간동안 샤카 부족의 맹독 지속시간이 5초로 단축됨",60 / 40 / 20,40 / 35 / 30,1 / 5 / 9,,샤카-잔
샤카-잔,캐릭터 모델 첨부 부탁드립니다.,센티널,민첩,E,샤카 부족의 늑대,샤카 부족의 늑대를 소환합니다. 습득시 공생 활성화됨 F - 공생 샤카 부족의 늑대의 체력을 250 + 자신의 레벨 X 15만큼 회복시킵니다. 최대 회복량 550,100,15,1,,샤카-잔
샤카-잔,캐릭터 모델 첨부 부탁드립니다.,센티널,민첩,패시브,샤카 부족의 맹독,10 / 11 / 12초간 초당 40 / 60 / 80의 독 피해를 입히며 공격 속도와 이동 속도를 20% / 25% / 30% 감소시킵니다. 마법 면역 무시,-,5 / 10 / 15,,,샤카-잔
세드릭,센티넬 디펜더,센티널,힘,T,방패의 [타],"적 유닛을 강하게 쳐 100 / 200 / 300만큼의 피해를 입히고, 2초간 기절시킵니다. 또한 피격된 적은 450만큼 뒤로 밀려납니다. 밀려나는 도중 구조물에 부딪히면 100[1]의 추가 피해를 더 입습니다.",70 / 80 / 90,10,1 / 3 / 5,,세드릭(카오스)
세드릭,센티넬 디펜더,센티널,힘,G,방패의 [격],적 유닛에게 돌진하여 100 / 200 / 300의 피해를 입히고 1초간 기절시킵니다. 피격당한 유닛은 1초간 이동 속도가 40% / 50% / 60% 감소합니다. 지형지물을 넘을 수 없음[4],70 / 80 / 90,9,1 / 3 / 5,,세드릭(카오스)
세드릭,센티넬 디펜더,센티널,힘,E,방패의 [술],"습득시 영구적으로 방어력이 3 / 5 / 7 증가합니다. 사용시 5초간 모든 피해가 30% / 40% / 50% 감소하며, 적 원거리 공격을 100% 반사합니다. 습득시 영구적으로 확산 공격이 활성화됨 건물 및 지옥의 악령의 공격도 반사 가능",40 / 50 / 60,20,1 / 5 / 9,,세드릭(카오스)
세드릭,센티넬 디펜더,센티널,힘,W,방패 전개,7초간 12개의 방패[7]를 전개하며 자신 주변의 적 유닛을 가둡니다. 시전 즉시 방패 내에 갇히는 유닛에게 150 / 300의 피해를 입힙니다. 아군 유닛은 방패를 통과할 수 있습니다. 마법 면역 무시,150 / 200,140 / 125,6 / 12,,세드릭(카오스)
세티어,캐릭터 모델 첨부 부탁드립니다.,스콜지,힘,T,11연격,"적 유닛을 빠르게 공격해 10 / 20 / 30의 피해를 11번 입히며, 0.1초간 기절시키고 5초간 이동 속도를 50% 감소시킵니다.",65 / 75 / 85,7,1 / 3 / 5,,세티어
세티어,캐릭터 모델 첨부 부탁드립니다.,스콜지,힘,V,매직 디펜시브,"18초간 공격력이 15 / 30 / 45 증가하고, 방어력이 3 감소하며, 마법에 면역이 됩니다.",80 / 100 / 120,60 / 55 / 50,1 / 3 / 5,,세티어
세티어,캐릭터 모델 첨부 부탁드립니다.,스콜지,힘,패시브,암흑 폭풍,"영구적으로 공격력을 20 / 30 / 40 증가시키고, 매 공격마다 33% 확률로 직선상의 적 유닛에게 50 / 85 / 120의 피해를 입힙니다. 기계와 일반 유닛 공격시에는 25% 확률로 폭풍 방출 오브 기반",8 / 14 / 20,-,1 / 3 / 5,,세티어
세티어,캐릭터 모델 첨부 부탁드립니다.,스콜지,힘,W,영혼 흡수,"대상에게 즉시 600 / 900의 피해를 입히고, 2.5 / 3초간 기절시키며 자신은 300 / 450의 체력을 회복합니다. 마법 면역 무시",150 / 200,135 / 120,6 / 12,,세티어
솔벤하임,캐릭터 모델 첨부 부탁드립니다.,스콜지,힘,T,혼돈의 창,"혼돈의 창을 던져 100 / 200 / 300의 피해를 입히고, 1 / 1.5 / 2초간 기절시킵니다. 최대 사정거리 700 / 750 / 800",90 / 110 / 130,9,1 / 3 / 5,,솔벤하임
솔벤하임,캐릭터 모델 첨부 부탁드립니다.,스콜지,힘,D,탈취,"10초간 0.4초마다 대상의 체력을 35 / 50 / 65만큼, 마력을 8 / 18 / 28 + 대상의 최대 마력의 2%만큼 흡수합니다. 또한 적 영웅의 체력 또는 마력이 10% / 15% / 20% 이하에서 사용할시, 체력일 경우에 0.75초간, 마력일 경우에 1.5초간 자신의 위치로 끌어당깁니다. 채널링 기술 끌어오기 발동후 30초 안에 재발동시 끌어오기 지속시간 50%로 감소",70 / 85 / 100,7,1 / 3 / 5,,솔벤하임
솔벤하임,캐릭터 모델 첨부 부탁드립니다.,스콜지,힘,패시브,정신 파괴,"800 범위내 적 유닛의 마력을 초당 4 / 7 / 10만큼 감소시키며, 자신의 방어력이 2 / 4 / 6 증가합니다.",-,1 / 5 / 10,,,솔벤하임
솔벤하임,캐릭터 모델 첨부 부탁드립니다.,스콜지,힘,W,교란,"자신을 닮은 인형을 소환해 적을 교란시킵니다. 인형 스펙은 아래 참조 솔-벤-하임 체력 2315, 공격 불가[2], 방어력 8(영웅), 체력 회복 +1000, 자동으로 0.6초마다 도발 시전, 지속시간 15초 도발 주변 적이 자신을 강제로 공격하도록 도발합니다. 재사용 대기시간 0.6초 생명의 수호신, 숲의 정령에게 효과 없음 패시브 - 반사 적의 근접 공격 피해의 200%를 되돌려 줍니다. 기계에도 적용[3] 패시브 - 교란 오라 900 범위내 적 유닛의 방어력을 5 감소시킵니다. 기계에도 적용",150,140,6,,솔벤하임
스톤콜드,기암괴석,센티널,힘,T,바위 던지기,"바위를 던져 350 범위내 적 유닛과 건물에 100 / 200 / 300의 피해를 입히고, 1 / 1.25 / 1.5초간 기절시킵니다. 건물 및 기계에도 피해량과 기절 시간 그대로 적용",70 / 80 / 90,9,1 / 3 / 5,,스톤콜드/카오스(워크래프트 3/유즈맵)
스톤콜드,기암괴석,센티널,힘,R,바위의 단단함,"습득시 영구적으로 적의 물리 공격으로부터 피해를 20 / 30 / 40 감소시키며, 사용시 3초간 주변 적 유닛과 건물의 공격력과 공격 속도를 15% / 20% / 25% 감소시킵니다. 영향을 준 적 하나당 20 / 25 / 30의 체력을 회복합니다. 최대 회복량 200 / 300 / 400 공격력 및 공격 속도 감소는 적이 영웅일 경우 2배로 적용(3레벨 기준 50%) 회복량은 적이 영웅일 경우 3배로 적용(3레벨 기준 90 회복)",50 / 55 / 60,15,1 / 3 / 5,,스톤콜드/카오스(워크래프트 3/유즈맵)
스톤콜드,기암괴석,센티널,힘,F,나무 몽둥이,"나무 몽둥이 공격 형태로 변신합니다. 공격 타입 일반, 공격력 16 증가, 사정거리 200, 4회 공격마다 추가로 200 / 280 / 360의 물리 피해를 입힙니다. 한번 변신시 죽거나 해제하기 전까지는 영구적으로 지속",30,6,1 / 3 / 5,,스톤콜드/카오스(워크래프트 3/유즈맵)
스톤콜드,기암괴석,센티널,힘,W,바위 폭주,"사용시 20초간 공격 속도가 40% / 80%만큼, 이동 속도가 40% / 50%만큼, 방어력이 5 / 10만큼 증가하며, 주변 적 유닛과 건물에게 0.25초마다 24 / 36의 피해를 입히는 돌을 던집니다. 건물 및 기계에는 10 / 16의 피해를 입힘",150 / 200,150 / 135,6 / 12,,스톤콜드/카오스(워크래프트 3/유즈맵)
실바나스,캐릭터 모델 첨부 부탁드립니다.,스콜지,민첩,E,타락,대상을 타락시켜 100 / 150 / 200의 피해를 입히고 0.4 / 0.7 / 1초간 기절시킵니다. 타락에 맞은 대상은 1초후 1.7 / 2.1 / 2.5초간 대상의 동맹에게 공격당합니다. 건물 및 기계에 사용 가능,70 / 85 / 100,10,1 / 3 / 5,,실바나스/카오스(워크래프트 3/유즈맵)
실바나스,캐릭터 모델 첨부 부탁드립니다.,스콜지,민첩,패시브,어둠의 망토,"영구적으로 공격력을 20 / 25 / 30 증가시키고, 사정거리를 25 / 50 / 75 증가시킵니다.",-,1 / 3 / 5,,,실바나스/카오스(워크래프트 3/유즈맵)
실바나스,캐릭터 모델 첨부 부탁드립니다.,스콜지,민첩,T,후퇴 사격,뒤로 380 / 570 / 760 거리만큼 물러나면서 전방의 자신과 가장 가까운 적을 4회 공격합니다. 공격 횟수는 유동적,90 / 100 / 110,25 / 20 / 15,1 / 5 / 9,,실바나스/카오스(워크래프트 3/유즈맵)
실바나스,캐릭터 모델 첨부 부탁드립니다.,스콜지,민첩,F,날카로운 화살,"15초간 공격 속도 80% / 100%와 이동 속도 30%가 증가하고, 매 공격마다 30% 확률로 2.8 / 3.3배의 피해와 50의 추가 피해를 입힙니다. 날카로운 화살 - 레벨 1 / 2 치명타와 추가 피해량 표시됨",150 / 200,60,6 / 12,,실바나스/카오스(워크래프트 3/유즈맵)
실크,캐릭터 모델 첨부 부탁드립니다.,센티널,민첩,T,엔트 스트라이크,일직선으로 엔트 웨이브를 날려 적 유닛을 0.1초간 기절시키고 웨이브 하나당 50 / 95 / 140의 피해를 입힙니다. 최대 3개를 맞힐 수 있습니다. 이동 속도가 0인 유닛에게 기술이 적용되지 않음,80 / 85 / 90,9,1 / 3 / 5,,실크/카오스(워크래프트 3/유즈맵)
실크,캐릭터 모델 첨부 부탁드립니다.,센티널,민첩,W,스위프트 어택,빠른 속도로 주위 적 유닛들 사이를 10 / 20 / 30번 이동하며 한 번 이동할 때마다 70 + 자신의 레벨 X 2 / 2.5 / 3의 피해를 입힙니다. 또한 이동한 횟수만큼 공격력이 추가됩니다. 추가된 공격력은 마지막 공격으로부터 60초간 지속 공격력은 최대 자신의 레벨 X 2 / 3 / 4만큼만 증가,80 / 90 / 100,20,1 / 4 / 7,,실크/카오스(워크래프트 3/유즈맵)
실크,캐릭터 모델 첨부 부탁드립니다.,센티널,민첩,B,빛의 이동,습득시 영구적으로 이동 속도가 10 / 20 / 30 증가합니다. 사용시 최대 400 / 550 / 700 거리만큼 순간이동합니다. 미사일 형태의 기술 흡수 가능 탐험되지 않은 지역으로 이동 불가,40 / 50 / 60,8,1 / 3 / 5,,실크/카오스(워크래프트 3/유즈맵)
실크,캐릭터 모델 첨부 부탁드립니다.,센티널,민첩,F,에너지 버스트,"3.5초후 폭발해 1200 범위내 적 유닛과 건물에 1000 / 1250의 피해를 입히는 에너지 볼을 소환합니다. 건물 및 기계에는 90%의 피해를 입힘 에너지 볼 스펙은 아래 참조 에너지 볼 체력 1600, 체력 회복 +50, 방어력 15(영웅), 지속시간 3.5초 패시브 - 마법 면역 마법에 면역이 됩니다.",150 / 200,150 / 135,6 / 11,,실크/카오스(워크래프트 3/유즈맵)
아가멤논,썬더러(집더러),센티널,민첩,T,번개의 구슬,직선상으로 이동했다가 되돌아오는 번개의 구슬을 소환합니다. 구슬은 주변 적에게 0.04초마다 8 / 10 / 12 / 14의 피해를 입힙니다.,60 / 70 / 80 / 90,9,1 / 3 / 5 / 7,,아가멤논/카오스(워크래프트 3/유즈맵)
아가멤논,썬더러(집더러),센티널,민첩,F,번개술,수호의 번개 10% / 15% / 20% 확률로 120 / 150 / 180의 피해를 입히는 번개 공격을 하거나 물리 피해를 무효화 합니다. 사용시 심판의 번개로 전환됩니다. 4회 피격마다 물리 피해 무효화 확률이 5%씩 증가하며 최대 3회 중첩 마지막 피격으로부터 10초후 중첩 초기화됨 심판의 번개 10% / 15% / 20% 확률로 120 / 150 / 180의 피해를 입히는 번개 공격을 하거나 물리 피해를 무효화 합니다. 사용시 수호의 번개로 전환됩니다. 2회 공격마다 번개 공격 확률이 5%씩 증가하며 최대 3회 중첩 마지막 공격으로부터 10초후 중첩 초기화됨 마법 면역 무시 패시브 - 번개술 <수호 / 심판 중첩> 물리 피해 무효화 / 번개 공격의 중첩 단계와 확률 표시됨,-,1 / 3 / 5,,,아가멤논/카오스(워크래프트 3/유즈맵)
아가멤논,썬더러(집더러),센티널,민첩,E,빛의 은총,"1초간 대상 유닛의 이동 속도를 45% / 55% / 65% 감소시키고, 체력과 마력을 최대 150 / 250 / 350만큼 빼앗아 체력은 200%, 마력은 50% 비율로 자신에게 흡수합니다. 모두 흡수한 경우 대상에게 지속시간 5초의 퍼지를 시전합니다. 채널링 기술",60 / 75 / 90,15,1 / 4 / 7,,아가멤논/카오스(워크래프트 3/유즈맵)
아가멤논,썬더러(집더러),센티널,민첩,W,하늘의 분노,6초간 0.7초마다 번개를 내려쳐 적 유닛에게 220 / 330의 피해를 입힙니다. 최대 16기 공격 가능,150 / 200,150 / 135,6 / 12,,아가멤논/카오스(워크래프트 3/유즈맵)
아그니,파이어 로드,스콜지,민첩,B,소울 번,"적 유닛에게 즉시 60 / 120 / 180의 피해를 입히고, 5 / 6 / 7초간 초당 10 / 20 / 30의 피해를 입힙니다. 또한 지속시간동안 공격력을 30% / 40% / 50%, 이동 속도를 10% / 20% / 30% 감소시키며, 마법을 사용할 수 없게 만듭니다. 영웅이 아닌 유닛에게 지속시간 8초",80,10 / 9 / 8,1 / 3 / 5,,아그니/카오스(워크래프트 3/유즈맵)
아그니,파이어 로드,스콜지,민첩,R,라바 스폰,"라바 스폰 1기를 소환합니다. 라바 스폰 스펙은 아래 참조 라바 스폰 체력 500 / 700 / 850, 공격력 27 - 31 / 34 - 38 / 41 - 45(일반), 사정거리 300, 방어력 3 / 4 / 5(대형), 공격 속도 0.95 / 0.9 / 0.85, 이동 속도 300 / 330 / 360, 지속시간 50초, 7번 공격시 3초후 2마리로 분할됨, 분할시 체력 절반 회복, 지속시간은 분할전 남은 지속시간 + 12초 분할은 최대 3번 가능",75 / 90 / 105,10,1 / 3 / 5,,아그니/카오스(워크래프트 3/유즈맵)
아그니,파이어 로드,스콜지,민첩,C,인시너레이트,매 공격마다 적에게 달라붙는 화염을 추가해 20 / 25 / 30 X 누적 공격 횟수만큼의 피해를 입힙니다. 화염은 1.7초간 지속되며 지속시간내 대상이 사망할 경우 주변 100 / 150 / 200 범위내 적 유닛에게 100 / 150 / 200의 피해를 입힙니다. 오브 기반 마법 면역 무시,-,2 / 4 / 6,,,아그니/카오스(워크래프트 3/유즈맵)
아그니,파이어 로드,스콜지,민첩,W,화산 분출,15초간 화산을 분출시켜 1.35초마다 450 범위내 적에게 350 / 450의 피해를 입히고 0.8 / 1초간 기절시키는 돌을 뿌립니다. 건물에는 65%의 피해를 입힘 마법 면역 무시,150 / 200,165,6 / 12,,아그니/카오스(워크래프트 3/유즈맵)
아다스,의문의 사나이,센티널,힘,T,예도검법,"시전 즉시 적을 1.5초간 기절시키고, 40 / 80 / 120의 피해를 3번 입힙니다. 마법 면역인 적에게 사용할 수는 없지만, 일단 사용한 후에는 마법 면역이 되어도 피해가 모두 적용됨",70 / 85 / 100,9,1 / 3 / 5,,아다스
아다스,의문의 사나이,센티널,힘,D,신비한 보호막,"3 / 5 / 7초간 모든 기술과 공격이 통하지 않는 무적 상태가 됩니다. 죽음의 신전, 죽음의 수호신, 저주의 탑 공격시 남은 지속시간과 관계없이 즉시 무적 해제",80 / 90 / 100,35 / 40 / 45,1 / 3 / 5,,아다스
아다스,의문의 사나이,센티널,힘,E,검의 폭주,체력 40 + 1% / 80 + 2% / 160 + 4% / 320 + 8% / 640 + 16%를 소모해 120 / 90 / 60 / 30 / 15초간 공격력을 20 / 50 / 90 / 140 / 200만큼 증가시킵니다. 활성화 후 공격마다 200 범위 내 적들에게 증가한 공격력의 1.5배의 피해를 입힘,-,1 / 1 / 1 / 5 / 15,1,,아다스
아다스,의문의 사나이,센티널,힘,V,의문의 힘,"25초간 체력이 500, 공격력이 50, 방어력이 5만큼 증가하며, 마법에 면역이 됩니다. 사용시 의문의 공격이 활성화됨 패시브 - 의문의 공격 목표 유닛 주변 200 범위의 적을 공격력의 30%로 추가 공격합니다.",150,6,,,아다스
아카샤,캐릭터 모델 첨부 부탁드립니다.,스콜지,민첩,B,순간 이동,최대 400 / 550 / 700 거리만큼 순간이동합니다. 미사일 형태의 기술 흡수 가능 탐험되지 않은 지역으로 이동 불가,40 / 50 / 60,7,1 / 3 / 5,,아카샤/카오스(워크래프트 3/유즈맵)
아카샤,캐릭터 모델 첨부 부탁드립니다.,스콜지,민첩,D,고통의 그림자,"적 유닛에게 독을 던져 12초간 초당 15 / 25 / 35의 피해를 입히고, 방어력을 3 / 6 / 9 감소시키며, 공격 속도와 이동 속도를 15% / 25% / 35%만큼 감소시킵니다. 적중된 이후 방어력 및 공격 속도, 이동 속도 감소는 마법 면역 무시",70 / 90 / 110,12,1 / 3 / 5,,아카샤/카오스(워크래프트 3/유즈맵)
아카샤,캐릭터 모델 첨부 부탁드립니다.,스콜지,민첩,패시브,유혹의 가시,"영구적으로 자신의 방어력을 2 / 4 / 6 증가시키고, 적이 자신을 공격할 때마다 30 / 50 / 70의 피해를 입힙니다.",-,1 / 3 / 5,,,아카샤/카오스(워크래프트 3/유즈맵)
아카샤,캐릭터 모델 첨부 부탁드립니다.,스콜지,민첩,W,고통의 가시,"45초간 지속되는 고통의 가시를 소환합니다. 공격력 90 - 110(카오스), 공격 속도 0.6 / 0.55, 이동 속도 450, 매 공격마다 공격력 44 - 55 / 90 - 110의 방사 피해를 입힘 주 공격에 맞을 경우 15초간 초당 45 / 70의 피해를 입히며, 공격 속도와 이동 속도를 30% / 40%만큼 감소시킴 마법 면역 무시",200 / 250,165,6 / 12,,아카샤/카오스(워크래프트 3/유즈맵)
아크루라,캐릭터 모델 첨부 부탁드립니다.,스콜지,민첩,E,모래 늪,8초간 모래 늪을 생성해 범위내 적 유닛에게 초당 10 / 20 / 30의 피해를 입히고 이동 속도를 75 / 125 / 175만큼 감소시킵니다. 자신이 모래 늪을 통과할 경우 6초간 이동 속도가 100 / 150 / 200만큼 증가함,80 / 90 / 100,12,2 / 5 / 8,,아크루라/카오스(워크래프트 3/유즈맵)
아크루라,캐릭터 모델 첨부 부탁드립니다.,스콜지,민첩,R,활력 흡수,"적 유닛에게 즉시 100 / 200 / 300의 피해를 입히고 자신의 체력을 100 / 175 / 250만큼 회복합니다. 또한 10초간 대상의 공격력을 감소시키고 감소량만큼 추가 공격력을 얻습니다. 공격력 감소는 일반 유닛일 경우 20 / 30 / 40, 영웅일 경우 20% / 25% / 30%",60 / 70 / 80,10,1 / 3 / 5,,아크루라/카오스(워크래프트 3/유즈맵)
아크루라,캐릭터 모델 첨부 부탁드립니다.,스콜지,민첩,패시브,민첩한 공격,"영구적으로 민첩이 5 / 10 / 15 증가하며, 매 공격마다 공격 속도가 10% / 15% / 20% 증가합니다. 공격 속도 증가는 최대 5회 중첩 마지막 공격으로부터 10초후 중첩 초기화됨",-,1 / 3 / 5,,,아크루라/카오스(워크래프트 3/유즈맵)
아크루라,캐릭터 모델 첨부 부탁드립니다.,스콜지,민첩,F,마비 침,"사용시 20초간 공격력이 40 / 70 / 100, 사정거리가 50만큼 증가하고 매 공격마다 5초간 적 유닛의 공격 속도를 40% / 45% / 50%, 이동 속도를 30% / 35% / 40% 감소시키는 마비 침 공격을 합니다. 마법 면역 무시",150 / 175 / 200,60,6 / 12 / 18,,아크루라/카오스(워크래프트 3/유즈맵)
아키로,지옥의 사자,스콜지,지능,T,크러싱 웨이브,일직선 상 모든 적 유닛에게 150 / 285 / 420의 피해를 입힙니다.,80 / 100 / 120,8,2 / 5 / 8,,아키로
아키로,지옥의 사자,스콜지,지능,패시브,벤전스 포이즌,매 공격마다 10초간 초당 15 / 30 / 45의 독 피해를 입힙니다. 마법 면역 무시,-,1 / 4 / 7,,,아키로
아키로,지옥의 사자,스콜지,지능,V,스피릿 오브 벤전스,"시체 하나에서 벤전스 스피릿 2 / 3 / 4기를 소환합니다. 벤전스 스피릿 스펙은 아래 참조 중첩 소환 불가 벤전스 스피릿 체력 500, 체력 회복 2(블라이트 위), 공격력 23 - 28(카오스), 사정거리 550, 방어력 0(중형), 공격 속도 0.7, 이동 속도 360, 지속시간 40초, 사망시 2개의 잔해로 쪼개져 적에게 접근해 적 유닛과 건물에 140의 피해를 입힘 잔해는 선택 불가, 지속시간 40초 추가 데미지 매 공격마다 50% 확률로 30의 추가 피해를 입힘",90 / 110 / 130,20,3 / 5 / 7,,아키로
아키로,지옥의 사자,스콜지,지능,C,이온 캐논,2초간 이온을 모아 발사해 900 범위내 적 유닛과 건물에 최대 700 / 1000 / 1300의 피해를 입히고 0.1초간 기절시킵니다. 범위 중앙에서 멀어질수록 피해량 감소 기절은 마법 면역 무시,200 / 250 / 300,120,6 / 11 / 16,,아키로
악동,캐릭터 모델 첨부 부탁드립니다.,스콜지,지능,E,임페일,일직선상의 적을 1초간 띄우며 착지시 100 / 175 / 250의 피해를 입히고 1 / 1.25 / 1.5초간 기절시킵니다. 이동 속도가 0인 유닛에게 기술이 적용되지 않음,90 / 110 / 130,9,1 / 3 / 5,원전은 |아카마이다.,악동/카오스(워크래프트 3/유즈맵)
악동,캐릭터 모델 첨부 부탁드립니다.,스콜지,지능,X,헥스,"적 유닛을 3 / 4 / 5초간 동물로 만들어 버립니다. 기본 이동 속도 150, 최대 이동 속도 200으로 변경됨 디스펠로 해제 가능",80 / 100 / 120,23 / 22 / 21,1 / 4 / 7,원전은 |아카마이다.,악동/카오스(워크래프트 3/유즈맵)
악동,캐릭터 모델 첨부 부탁드립니다.,스콜지,지능,패시브,밤의 명상,자신과 800 범위내 아군 유닛의 마력 회복속도를 3 / 5 / 7 증가시킵니다.,-,1 / 3 / 5,,원전은 |아카마이다.,악동/카오스(워크래프트 3/유즈맵)
악동,캐릭터 모델 첨부 부탁드립니다.,스콜지,지능,F,죽음의 손짓,강력한 광선을 발사해 적 유닛에게 즉시 500 / 900의 피해를 입힙니다. 마법 면역 무시 마법 면역이 아닌 대상에게는 50 / 100의 피해를 더 입힘,200 / 250,135 / 120,6 / 11,원전은 |아카마이다.,악동/카오스(워크래프트 3/유즈맵)
안토니다스,캐릭터 모델 첨부 부탁드립니다.,센티널,히든,T,비전 미사일,직선상의 적 유닛에게 100 / 200 / 300의 피해를 입히고 0.5초 / 0.75초 / 1초간 기절시킵니다. 또한 최종 지점에서 폭발하며 400 범위내 적 유닛에게 40 / 80 / 120의 추가 피해를 입힙니다.,90 / 105 / 120,10,1 / 4 / 7,원전은 안토니다스이다.,안토니다스/카오스(워크래프트 3/유즈맵)
안토니다스,캐릭터 모델 첨부 부탁드립니다.,센티널,히든,F,마법 방해,"8초간 적 유닛에게 초당 체력에 10 / 20 / 30, 마력에 10 / 15 / 20의 피해를 입히고, 마법을 사용할 때마다 80 / 160 / 240의 추가 피해를 입힙니다.",80 / 90 / 100,10,1 / 4 / 7,원전은 안토니다스이다.,안토니다스/카오스(워크래프트 3/유즈맵)
안토니다스,캐릭터 모델 첨부 부탁드립니다.,센티널,히든,E,비전 장막,"6초간 해당 지점에 비전 장막을 설치합니다. 비전 장막은 아군의 공격 속도와 이동 속도를 30% / 40% / 50% 증가시키고, 적군의 공격 속도와 이동 속도를 25% / 30% / 35% 감소시키며, 적에게 초당 20 / 30 / 40의 마법 피해를 입힙니다.",90 / 100 / 110,15,2 / 5 / 8,원전은 안토니다스이다.,안토니다스/카오스(워크래프트 3/유즈맵)
안토니다스,캐릭터 모델 첨부 부탁드립니다.,센티널,히든,W,소환,아군 영웅 1기를 즉시 자신의 옆으로 소환하고 체력을 300 회복시킵니다.,200 / 250,180 / 150,6 / 12,원전은 안토니다스이다.,안토니다스/카오스(워크래프트 3/유즈맵)
에일리언,캐릭터 모델 첨부 부탁드립니다.,스콜지,힘,E,산성피 뱉기,"적 유닛에게 산성피를 뱉어 즉시 대상의 최대 체력의 4%의 마법 피해를 입히고, 6초간 공격 속도를 20%, 이동 속도를 30% 감소시킵니다. 또한 대상과 대상 주변 350 범위내 유닛에게 12초간 초당 15 / 30 / 45의 피해를 입힙니다. 적중 이후 마법 면역 상태가 되어도 공격 속도 및 이동 속도 감소는 해제되지 않음",60 / 70 / 80,10,1 / 3 / 5,,에일리언/카오스(워크래프트 3/유즈맵)
에일리언,캐릭터 모델 첨부 부탁드립니다.,스콜지,힘,D,살점 뜯어먹기,"적 유닛의 살점을 뜯어먹어 0.1초간 기절시키고, 1.4 + 자신의 레벨 X 0.1초간 0.1초마다 22 / 26 / 30 / 34의 마법 피해를 입히며, 이동 속도를 90% 감소시킵니다. 또한 자신의 체력을 150 / 300 / 450 / 600 회복합니다. 지속시간 증가는 최대 25레벨까지만 적용(최대 지속시간 3.9초) 시전된 이후에는 마법 면역 무시",80 / 90 / 100 / 110,20,1 / 5 / 9 / 13,,에일리언/카오스(워크래프트 3/유즈맵)
에일리언,캐릭터 모델 첨부 부탁드립니다.,스콜지,힘,패시브,껍질,"영구적으로 자신의 방어력을 2 / 4 / 6 증가시키며, 피해를 입을 경우 그 자리에 산성 혈액이 방출됩니다. 산성 혈액은 6초간 250 범위내 적 유닛에게 초당 30 / 50 / 70의 피해를 입힙니다. 산성 혈액은 한번 방출된 이후 1.5초간 방출되지 않음",-,1 / 3 / 5,,,에일리언/카오스(워크래프트 3/유즈맵)
에일리언,캐릭터 모델 첨부 부탁드립니다.,스콜지,힘,W,에일리언 퀸,"에일리언 퀸을 소환합니다. 에일리언 퀸 스펙은 아래 참조 에일리언 퀸 체력 2500 / 3200, 체력 회복 +10, 공격력 87 - 95 / 112 - 120(카오스), 사정거리 200, 방어력 20 / 28(대형→영웅), 공격 속도 0.9, 이동 속도 400, 3 / 2.5초마다 알을 낳아 새끼 에일리언을 부화시킴, 지속시간 65초 2레벨에는 방어 타입 영웅으로 변경 R - 산란 즉시 알 4 / 6개를 낳습니다. 한 번만 사용 가능 G - 공격 지점 지정 모든 새끼 에일리언들을 해당 지점으로 공격 이동시킵니다. 공격 지점 지정 이후 새로 태어난 새끼들도 이동합니다. X - 공격 지점 해제 공격 지점을 해제시킵니다. 패시브 - 리지스턴트 스킨 적군의 마법이 지속되는 시간을 줄여주고 특정 마법에 대한 면역을 제공합니다. 패시브 - 산성 발톱 적 영웅에게 60% 확률로 60 / 100의 추가 피해를 입힙니다. 새끼 에일리언 체력 410 / 500, 체력 회복 +1 / 2, 공격력 19 - 23 / 29 - 33(카오스), 사정거리 근접, 방어력 1 / 3(중형), 공격 속도 1.0 / 0.9, 이동 속도 350, 사망시 6초간 0.1초마다 10 / 14의 피해를 입히는 산성 혈액 방출, 지속시간 40초",150 / 200,165,6 / 12,,에일리언/카오스(워크래프트 3/유즈맵)
에일리언,캐릭터 모델 첨부 부탁드립니다.,스콜지,힘,패시브,산성 혈액,에일리언 사망시 그 자리에 산성 혈액이 방출되어 6초간 300 범위내 적 유닛에게 0.1초마다 10의 피해를 입힙니다.,-,,,,에일리언/카오스(워크래프트 3/유즈맵)
엘딘,피의 성직자,센티널,지능,T,홀리 라이트,자신이나 아군 생명체 유닛에게 사용시 체력을 300 / 500 / 700 회복시킵니다. 적 언데드 유닛에게 사용시 회복량의 절반의 피해를 입힙니다.,90 / 110 / 130,9,1 / 3 / 5,,엘딘/카오스(워크래프트 3/유즈맵)
엘딘,피의 성직자,센티널,지능,B,텔레포트,"아군의 유닛이나 건물이 있는 곳으로 이동합니다. 시전 대기시간 3초, 채널링 기술 대상이 된 유닛이나 건물은 시전 대기시간동안 행동불가",40 / 50 / 60,20 / 15 / 10,1 / 3 / 5,,엘딘/카오스(워크래프트 3/유즈맵)
엘딘,피의 성직자,센티널,지능,F,빛의 보호막,60초간 자신이나 아군 유닛에게 300 / 500 / 700의 피해를 흡수하는 보호막을 걸어줍니다. 중첩 불가,100 / 90 / 80,28 / 24 / 20,2 / 4 / 6,,엘딘/카오스(워크래프트 3/유즈맵)
엘딘,피의 성직자,센티널,지능,C,이온캐논,2초간 이온을 모아 발사해 900 범위내 적 유닛과 건물에 최대 700 / 1000 / 1300의 피해를 입히고 0.1초간 기절시킵니다. 범위 중앙에서 멀어질수록 피해량 감소 기절은 마법 면역 무시,200 / 250 / 300,120,6 / 11 / 16,,엘딘/카오스(워크래프트 3/유즈맵)
오블리,데스 마스터,스콜지,지능,R,레이즈 데드,"시체 하나에서 해골 전사와 해골 궁수를 1기씩 소환합니다. 해골 전사와 해골 궁수 스펙은 아래 참조 소형 해골 전사 / 해골 전사 / 해골 전사 부대장 / 해골 전사 대장 체력 400 / 625 / 850 / 1075, 체력 회복 1 / 2 / 3 / 4, 공격력 30 - 31 / 40 - 41 / 50 - 51 / 60 - 61(일반), 사정거리 근접, 방어력 2 / 4 / 6 / 8(대형), 공격 속도 2.0, 이동 속도 400, 공격 속도 100% 증가, 지속시간 50초 지상만 공격 가능 패시브 - 치명타 매 공격마다 13% 확률로 공격력 2배의 피해를 입힙니다. 소형 해골 궁수 / 해골 궁수 / 해골 궁수 부대장 / 해골 궁수 대장 체력 300 / 500 / 700 / 900, 체력 회복 1, 마력 200, 마력 회복 2, 공격력 20 - 22 / 30 - 32 / 40 - 43 / 50 - 53(일반), 사정거리 500, 방어력 0 / 2 / 4 / 6(대형), 공격 속도 2.4, 이동 속도 350, 지속시간 50초 R - 불 화살 매 공격마다 20 / 30 / 40 / 50의 불 화살 공격력을 추가합니다. 마력 소모 4",110 / 140 / 170 / 200,16,2 / 5 / 8 / 11,,오블리
오블리,데스 마스터,스콜지,지능,D,데스 터치,"적 유닛에게 100 / 175 / 250의 피해를 입히고 6초간 공격력, 공격 속도, 이동 속도를 45% / 60% / 75% 감소시킵니다. 마법 면역 상태에도 사용 가능 적중후 마법 면역 물약이나 디스펠로 해제 가능 아바타 상태에게 사용시 디스펠, 마법 면역 물약으로 해제 불가능",90 / 110 / 130,10,2 / 4 / 6,,오블리
오블리,데스 마스터,스콜지,지능,G,마나 쉴드,"적에게 받은 피해량의 80% / 85% / 90%를 체력 대신 마력으로 소모합니다. 피해량 1.5 / 2 / 2.5당 1의 마력을 소모합니다. 물리, 마법 방어력은 적용되지 않지만 회피와 빛의 갑옷은 적용됨",25 / 45 / 65,10,1 / 3 / 5,,오블리
오블리,데스 마스터,스콜지,지능,W,대지진,8초간 지진을 일으켜 500 범위내 적 건물에 초당 150의 피해를 입히고 적 유닛의 이동 속도를 200% 감소시킵니다. 채널링 기술 마법 면역 무시,150,135,6,,오블리
우리엘,타천사 우리엘,스콜지,힘,Q,포획,대상 한 명에게 50 / 75 / 100의 데미지를 입히는 마법의 밧줄을 날려보냅니다. 대상은 자신의 위치로 끌려오며 30 거리당 3 / 4.5 / 6의 데미지를 입히고 대상은 1.5 / 1.75 / 2초간 기절 상태가 됩니다. 단 대상과 자신의 거리가 1400 이상 벌어진다면 끌려오지 않습니다. 사정거리 550 / 600 / 650,80 / 90 / 100,12,1 / 3 / 5,,우리엘/카오스(워크래프트 3/유즈맵)
우리엘,타천사 우리엘,스콜지,힘,W,어둠의 보호막,아군에게 보호막을 걸어 주어 지속시간 동안 300 / 500 / 700의 피해를 흡수합니다. 또한 자기 자신에게 사용 시 400 범위 내 적에게 0.25초마다 8 / 16 / 24의 피해를 입힙니다. 지속시간 60초.,80 / 90 / 100,28 / 24 / 20,1 / 5 / 8,,우리엘/카오스(워크래프트 3/유즈맵)
우리엘,타천사 우리엘,스콜지,힘,E,우리엘의 눈,450 / 600 / 750 범위 내 숨은 유닛을 볼 수 있으며 400 / 600 / 800의 공중 시야를 가집니다.,-,1 / 4 / 7,,,우리엘/카오스(워크래프트 3/유즈맵)
우리엘,타천사 우리엘,스콜지,힘,R,우리엘의 돌,해당지역의 모든 것들에게 450 / 650의 피해를 입힙니다. 또한 그 충격으로 3초 후 4초간 시야가 1450 / 1600 (밤 450 / 600)만큼 감소됩니다. 또한 잠시 기절시키는 효과가 있습니다.,150 / 200,165,6 / 12,,우리엘/카오스(워크래프트 3/유즈맵)
우서,캐릭터 모델 첨부 부탁드립니다.,센티널,힘,T,징벌의 망치,"징벌의 망치를 던져 적에게 100 / 200 / 300의 피해를 입히고, 1 / 1.5 / 2초간 기절시킵니다. 주변 적 유닛에게는 100 / 200 / 300의 피해를 입히고, 2초간 이동 속도를 20% / 30% / 40% 감소시킵니다.",75 / 90 / 105,9,1 / 3 / 5,원전은 빛의 수호자 우서이다.,우서/카오스(워크래프트 3/유즈맵)
우서,캐릭터 모델 첨부 부탁드립니다.,센티널,힘,E,신성 방패,"자신이나 아군 유닛 1기를 0.5 / 1 / 1.5초간 무적 상태로 만들고, 체력을 80 / 160 / 240만큼 회복시킵니다.",100 / 120 / 140,30,2 / 4 / 6,원전은 빛의 수호자 우서이다.,우서/카오스(워크래프트 3/유즈맵)
우서,캐릭터 모델 첨부 부탁드립니다.,센티널,힘,패시브,보호의 오라,"자신과 주변 유닛의 방어력을 2 / 3 / 4만큼, 체력 회복 속도를 3 / 5 / 8만큼 증가시킵니다.",-,1 / 3 / 5,,원전은 빛의 수호자 우서이다.,우서/카오스(워크래프트 3/유즈맵)
우서,캐릭터 모델 첨부 부탁드립니다.,센티널,힘,W,신의 권능,"900 범위내 모든 아군의 체력을 500 / 800만큼 회복시키며, 적 유닛에게는 회복량의 절반만큼의 피해를 입힙니다. 마법 면역 무시",150 / 200,150,6 / 12,원전은 빛의 수호자 우서이다.,우서/카오스(워크래프트 3/유즈맵)
이레아,캐릭터 모델 첨부 부탁드립니다.,센티널,지능,E,날벼락,400 범위내 적 유닛과 건물에 100 / 200 / 300 / 400의 피해를 입힙니다. 나무 파괴 가능,100 / 110 / 120 / 130,8,1 / 3 / 5 / 7,,이레아
이레아,캐릭터 모델 첨부 부탁드립니다.,센티널,지능,F,투명화,"자신이나 아군 유닛 1기를 투명하게 만듭니다. 적 공격시 30 / 60 / 90 + 적 레벨 X 12의 추가 피해를 입히며 투명 상태가 해제됩니다. 최대 피해량 350 자신에게 사용할 경우 지속시간 30 / 40 / 50초, 6초간 지형지물을 무시 아군 유닛에게 사용할 경우 지속시간 10 / 20 / 30초, 피해량 50%만 적용",50 / 90 / 130,14 / 11 / 8,1 / 3 / 5,,이레아
이레아,캐릭터 모델 첨부 부탁드립니다.,센티널,지능,패시브,번개 강타,"적을 공격시 70 / 140 / 210의 추가 피해를 입히고, 35 / 70 / 105만큼의 마력을 증발시킵니다. 마법 면역 무시",-,5,1 / 6 / 11,,이레아
이레아,캐릭터 모델 첨부 부탁드립니다.,센티널,지능,W,일리단 석상,이레아가 탑승할 수 있고 550 범위내 적 유닛에게 초당 80 / 110의 피해를 입히는 일리단 석상을 소환합니다. 일리단 석상 스펙은 아래 참조,150 / 200,165 / 150,6 / 12,,이레아
일리단,캐릭터 모델 첨부 부탁드립니다.,스콜지,민첩,W,달빛 베기,일직선 상의 적에게 100 / 200 / 300의 피해를 입히고 해당 위치로 이동합니다. 시전후 1초내에 적 유닛을 공격할 경우 0.5초간 이동 속도를 50% 감소시킵니다.,80 / 100 / 120,9,1 / 3 / 5,원전은 그 유명한 일리단 스톰레이지이다.,일리단/카오스(워크래프트 3/유즈맵)
일리단,캐릭터 모델 첨부 부탁드립니다.,스콜지,민첩,B,마력 태우기,"적에게 번개를 던져 마력을 최대 100 / 175 / 250만큼 태우고, 태운 마력만큼의 피해를 입히며, 1초간 마법을 사용할 수 없게 만듭니다. 기계에 사용 가능 적중후 0.25초내 마법 면역 상태가 될 경우 피해와 마법 봉인은 적용되지 않음",40 / 60 / 80,8,1 / 4 / 7,원전은 그 유명한 일리단 스톰레이지이다.,일리단/카오스(워크래프트 3/유즈맵)
일리단,캐릭터 모델 첨부 부탁드립니다.,스콜지,민첩,패시브,강렬함,"영구적으로 민첩이 10 / 15 / 20 증가하며, 공격 속도를 5% / 15% / 25%, 이동 속도를 10% / 15% / 20% 증가시킵니다. 또한 매 공격마다 20% 확률로 200 범위내 적 유닛에게 민첩 X 1 / 1.5 / 2의 물리 피해를 입힙니다.",-,1 / 3 / 5,,원전은 그 유명한 일리단 스톰레이지이다.,일리단/카오스(워크래프트 3/유즈맵)
일리단,캐릭터 모델 첨부 부탁드립니다.,스콜지,민첩,T,괴력의 악마,"25초간 괴력의 악마 형태로 변신합니다. 체력이 450, 체력 회복 속도가 0.3, 마력 회복 속도가 0.2, 공격력이 10, 방어력이 8 증가하고, 공격 타입이 일반으로, 사정거리가 600으로, 기본 공격 속도가 1.4로, 기본 이동 속도가 300으로 변경됩니다. 사용시 강렬함의 추가 피해 확률이 13.3%, 피해량이 20, 범위가 200 증가함",150,90,6,원전은 그 유명한 일리단 스톰레이지이다.,일리단/카오스(워크래프트 3/유즈맵)
자이로스,캐릭터 모델 첨부 부탁드립니다.,센티널,지능,E,아이스 버그,"대상에게 70 / 90 / 110 / 130의 피해를 입히고 대상을 포함한 주변 적들에게 140 / 210 / 280 / 350의 냉기 피해를 입힙니다. 냉기 피해를 받은 유닛은 2 / 3 / 4 / 5초간 공격 속도를 20%, 이동 속도를 30%만큼 감소시킵니다.",100 / 125 / 150 / 175,7,1 / 4 / 7 / 10,,자이로스
자이로스,캐릭터 모델 첨부 부탁드립니다.,센티널,지능,C,빙결,대상을 2 / 3 / 4초간 얼려 행동 불가로 만들며 모든 피해를 받지 않도록 합니다. 사용시 해동이 활성화됨 V - 해동 빙결 상태를 즉시 해제합니다. 마력 80 소모 자신이 빙결 상태일 경우 사용 불가,80 / 100 / 120,30,1 / 3 / 5,,자이로스
자이로스,캐릭터 모델 첨부 부탁드립니다.,센티널,지능,패시브,브릴리언스 오라,"자신과 600 범위내 아군 유닛의 마력 회복 속도를 3 / 5 / 7만큼 증가시키고, 자신의 방어력이 3 / 5 / 7만큼 증가합니다.",-,1 / 3 / 5,,,자이로스
자이로스,캐릭터 모델 첨부 부탁드립니다.,센티널,지능,W,폭설,"10 / 12초간 600 범위내 모든 적 유닛과 건물에 60 / 90의 피해를 입히는 눈보라를 40회 떨어뜨립니다. 눈보라를 맞은 유닛은 2초간 공격 속도가 20%, 이동 속도가 30% 감소하며, 15초간 초당 20 / 40의 피해를 입습니다. 채널링 기술 건물에는 60%의 피해를 입힘",200 / 250,165,6 / 12,,자이로스
적혈귀,,센티널,민첩,W,달빛 베기,일직선 상의 적에게 100 / 200 / 300의 피해를 입히고 해당 위치로 이동합니다. 시전후 1초내에 적 유닛을 공격할 경우 0.5초간 이동 속도를 50% 감소시킵니다.,80 / 100 / 120,9,1 / 3 / 5,,적혈귀
적혈귀,,센티널,민첩,R,환영 분신,"자신의 환영 분신 1개를 만들며 자신에게 적용된 모든 마법을 무효화 시킵니다. 이 분신은 18초간 지속되고 본체의 30% / 45% / 60%의 능력을 지니며, 1.5배의 피해를 입습니다. 기술을 시전하는 0.5초간 무적 상태",90 / 100 / 110,25,1 / 3 / 5,,적혈귀
적혈귀,,센티널,민첩,패시브,숙련된 검술,"영구적으로 민첩이 7 / 14 / 20 증가하며, 매 공격마다 20% 확률로 2 / 2.5 / 3배의 피해를 입힙니다.",-,1 / 3 / 5,,,적혈귀
적혈귀,,센티널,민첩,D,칼날 폭풍,"9초간 자신을 칼날의 폭풍으로 감싸 모든 피해가 20% / 30% 감소하고, 마법에 면역이 되며, 주변 적 유닛과 건물에 초당 200 / 250의 피해를 입힙니다. 마법 면역 무시",200 / 250,165 / 150,6 / 12,,적혈귀
제르딘,스나이퍼,센티널,민첩,D,레그 샷,적 유닛에게 100 / 150 / 200의 피해를 입히며 이동 속도를 25% / 45% / 65% 감소시킵니다. 이동 속도는 9초에 걸쳐 서서히 회복됩니다.,60 / 70 / 80,8,1 / 3 / 5,,제르딘
제르딘,스나이퍼,센티널,민첩,E,이글 아이,"사용시 30초간 공격력이 10 / 15 / 20만큼, 공격 속도가 25% / 50% / 70%만큼, 이동 속도가 10% / 15% / 20%만큼, 밤 시야가 400 / 600 / 800만큼 증가합니다.",50 / 60 / 70,45,1 / 3 / 5,,제르딘
제르딘,스나이퍼,센티널,민첩,패시브,헤드 샷,"영구적으로 민첩이 5 / 10 / 15 증가하며, 매 공격마다 20% 확률로 40 / 60 / 80 + 민첩 X 1 / 2 / 3의 물리 피해를 입힙니다.",-,1 / 4 / 7,,,제르딘
제르딘,스나이퍼,센티널,민첩,W,저격,적을 저격하여 350 / 450 + 민첩 X 1 / 2만큼의 마법 피해를 입히고 2초간 이동 속도를 80%만큼 감소시킵니다. 저격 미사일은 대상에게 도달하기까지 직선 경로상의 모든 적에게도 같은 피해를 입힙니다. 마법 면역 무시 건물 및 기계에 사용 가능,150 / 200,90,6 / 12,,제르딘
조디악,캐릭터 모델 첨부 부탁드립니다.,스콜지,힘,F,살점 폭파,살점을 폭파해 600 범위내 적 유닛에게 100 / 200 / 300의 피해를 입힙니다.,75 / 90 / 105,9,1 / 3 / 5,,조디악/카오스(워크래프트 3/유즈맵)
조디악,캐릭터 모델 첨부 부탁드립니다.,스콜지,힘,E,늪의 영역,"사용시 자신 주변 500 / 600 / 700 범위내 적 유닛의 공격 속도와 이동 속도를 10% / 20% / 30% 감소시키고, 자신의 방어력이 3 / 4 / 5 증가합니다.",6 / 8 / 10,-,2 / 5 / 8,,조디악/카오스(워크래프트 3/유즈맵)
조디악,캐릭터 모델 첨부 부탁드립니다.,스콜지,힘,패시브,살인 본능,"영구적으로 힘이 4 / 7 / 10 증가하며, 매 공격마다 25% 확률로 70 / 140 / 210 + 힘 X 2 / 3 / 4의 피해를 입힙니다.",-,1 / 3 / 5,,,조디악/카오스(워크래프트 3/유즈맵)
조디악,캐릭터 모델 첨부 부탁드립니다.,스콜지,힘,W,포식,즉시 적 영웅 1명을 삼켜 초당 50 / 100의 피해를 입힙니다. 삼키고 4초내에 뱉지 않으면 자동으로 옆에 뱉어집니다. 삼키고 있는 동안 자신은 마법 면역 상태가 됨 사용시 뱉기가 활성화됨 마법 면역 무시 W - 뱉기 삼킨 영웅을 해당 방향으로 뱉어 600 거리만큼 날려보냅니다. 날아간 대상은 400 / 550의 피해를 입고 2초간 기절합니다. 날아가는 경로상의 모든 적에게 400 / 550의 피해를 입힘 마법 면역 무시,150 / 200,150 / 135,6 / 12,,조디악/카오스(워크래프트 3/유즈맵)
줄마란,광기의 전사,스콜지,민첩,F,다중 절단,적 유닛을 빠르게 3회 공격해 1번 공격마다 20 / 30 / 40의 마법 피해와 공격력의 55% / 65% / 75%만큼의 물리 피해를 입힙니다. 자신의 체력이 30% 미만이면 입힌 피해량의 30%만큼 체력을 회복합니다. 건물 및 기계에도 적용,50 / 60 / 70,4,1 / 3 / 5,,줄마란
줄마란,광기의 전사,스콜지,민첩,T,방패 파괴,적 유닛에게 100 / 200 / 300의 마법 피해를 입히고 1 / 1.3 / 1.6초간 기절시킵니다. 또한 4초간 해당 유닛의 방어력을 3 / 5 / 7 감소시킵니다.,100 / 110 / 120,11,1 / 4 / 7,,줄마란
줄마란,광기의 전사,스콜지,민첩,패시브,광기,"체력이 5% 감소할때마다 공격력이 8 / 12 / 16, 공격 속도가 4% / 8% / 12% 증가합니다. 또한 체력이 30% 미만이 될 경우 4초간 받는 피해가 50% 감소합니다. 공격력 / 공격 속도 상승은 최대 10단계까지 적용[1] 받는 피해 감소 재사용 대기시간 40초",-,2 / 4 / 6,,,줄마란
줄마란,광기의 전사,스콜지,민첩,W,폭풍 추격,해당 위치로 빠르게 이동하며 경로상의 모든 적에게 150 / 250의 마법 피해를 입힙니다. 사용후 10초내에 한 번 더 사용할 수 있습니다. 건물 및 기계에도 적용 마법 면역 무시,75 / 100,70,6 / 12,,줄마란
참새,캐릭터 모델 첨부 부탁드립니다.,센티널,민첩,E,족쇄,"적을 붙잡아 4 / 5 / 6초간 행동할 수 없게 만들고, 즉시 40 / 70 / 100의 피해를 입히며, 초당 30 / 35 / 40의 피해를 입힙니다. 채널링 기술",75 / 100 / 125,14,1 / 3 / 5,,참새/카오스(워크래프트 3/유즈맵)
참새,캐릭터 모델 첨부 부탁드립니다.,센티널,민첩,F,불기둥,시전 0.5초후 범위내 적 유닛과 건물에 5초간 초당 45 / 80 / 115의 피해를 입힙니다. 나무 파괴 가능,60 / 80 / 100,12,1 / 5 / 9,,참새/카오스(워크래프트 3/유즈맵)
참새,캐릭터 모델 첨부 부탁드립니다.,센티널,민첩,패시브,바람의 축복,"자신과 600 범위내 아군의 공격 속도를 10% / 20% / 30%, 이동 속도를 5% / 10% / 15% 증가시킵니다.",-,1 / 3 / 5,,,참새/카오스(워크래프트 3/유즈맵)
참새,캐릭터 모델 첨부 부탁드립니다.,센티널,민첩,W,영광의 비석,"0.04 / 0.03초마다 800 범위내 적 유닛에게 21 / 26의 피해를 입히는 영광의 비석을 소환합니다. 영광의 비석 스펙은 아래 참조 영광의 비석 체력 900 / 1800, 방어력 15 / 20(영웅), 지속시간 20초",200 / 250,165,6 / 12,,참새/카오스(워크래프트 3/유즈맵)
챈,캐릭터 모델 첨부 부탁드립니다.,센티널,힘,R,변신,"챈이 다른 형태로 변신할 수 있습니다. Q - 불로 변신 공격적인 불 형태로 변신합니다. 보유 기술 : 맹렬한 불꽃, 화염무 W - 바람으로 변신 기동적인 바람 형태로 변신합니다. 보유 기술 : 바람의 은신술, 바람의 눈 E - 땅으로 변신 방어적인 땅 형태로 변신합니다. 보유 기술 : 땅울림, 마법 면역, 대지의 가호",25,10,1,원전은 첸 스톰스타우트이다.,챈
챈,캐릭터 모델 첨부 부탁드립니다.,센티널,힘,F,하나된 힘,"습득시 영구적으로 모든 속성이 4 / 8만큼 증가하며, 사용시 20초간 하나된 힘 형태로 변신합니다.",150 / 175,130 / 120,6 / 12,원전은 첸 스톰스타우트이다.,챈
카르투스,뇌 없는 골렘,스콜지,힘,T,폭쇄,"직선상으로 땅을 폭발시켜 적에게 100 / 200 / 300의 피해를 입히고, 3초간 이동 속도를 30% 감소시킵니다. 건물 및 기계에도 적용",70 / 80 / 90,9,1 / 3 / 5,,카르투스
카르투스,뇌 없는 골렘,스콜지,힘,E,돌주먹,습득시 영구적으로 체력 회복 속도를 2 / 4 / 6 증가시킵니다. 사용후 5초안에 처음으로 공격한 적 유닛에게 40 / 60 / 80의 마법 피해와 자신의 최대 체력의 5% / 7% / 9%의 물리 피해를 입히고 1초간 기절시킵니다. 또한 카르투스가 누적 피해 500을 받을 경우 자신의 체력을 50 회복하고 돌주먹의 재사용 대기시간이 초기화됩니다.,40 / 50 / 60,5,2 / 4 / 6,,카르투스
카르투스,뇌 없는 골렘,스콜지,힘,패시브,단단한 육체,영구적으로 마법 방어력을 5% / 10% / 15% 증가시키고 기절 최대 지속시간이 2.5 / 2 / 1.5초로 줄어듭니다. 특수한 기절 마법[2]의 경우 지속시간이 80% / 65% / 50%로 줄어듭니다.,-,3 / 6 / 9,,,카르투스
카르투스,뇌 없는 골렘,스콜지,힘,W,시간 정지,"자신의 주변 1200 범위내 적 유닛에게 300 / 500의 피해를 입히고, 2 / 2.5초간 기절시킵니다. 시전 대기시간 1초 기절은 마법 면역 무시[3]",200 / 250,165 / 150,6 / 12,,카르투스
칸젤,캐릭터 모델 첨부 부탁드립니다.,,,E,블레이즈 스트라이크,"550 범위내 적 유닛에게 100 / 175 / 250의 피해를 입히고, 1 / 1.25 / 1.5초간 기절시킵니다.",80 / 100 / 120,9,1 / 3 / 5,,칸젤
칸젤,캐릭터 모델 첨부 부탁드립니다.,,,T,블레이즈 스텝,"사용시 체력 회복 속도가 3, 이동 속도가 10% / 15% / 20% 증가하며, 자신의 발밑에 화염을 생성합니다. 화염은 0.25초마다 10 / 16 / 22의 피해를 입히며 8초간 그 자리에 남아있습니다.",5 / 7 / 9,-,1 / 4 / 7,,칸젤
칸젤,캐릭터 모델 첨부 부탁드립니다.,,,R,블레이즈 퓨리,습득시 영구적으로 주변 적 유닛에게 0.5초마다 30 / 40 / 50의 피해를 입히는 화염을 날립니다. 칸젤이 누적 피해 500을 받을 경우 액티브가 활성화됩니다. 액티브 사용시 550 범위내 적 유닛에게 100 / 150 / 200의 피해를 입히고 5초간 이동 속도를 10% / 20% / 30% 감소시킵니다. 액티브는 마법 면역 무시 액티브를 사용해야 피해가 다시 누적됨,-,12,2 / 4 / 6,,칸젤
칸젤,캐릭터 모델 첨부 부탁드립니다.,,,W,블레이즈 소울,"1000 범위내 13초간 지속되는 화염의 정령들을 소환합니다. 화염은 최초 시전시 50 / 100의 피해를 입히며, 화염 위에 있는 적 유닛들에게 초당 135 / 185의 피해를 입힙니다. 마법 면역에게는 60%의 피해를 입힘",150 / 200,160,6 / 12,,칸젤
칼리나스,저주술사,스콜지,지능,E,역병의 저주,"해당 지역의 적 유닛에게 초당 25 / 30 / 35 + 체력의 1%의 피해를 입히는 역병을 6초간 퍼뜨립니다. 역병에 전염될 경우 8초간 피해를 입으며, 전염된 유닛은 250 범위 내 유닛에게 역병을 전염시킵니다.[1]",75 / 90 / 105,15 / 14 / 13,1 / 4 / 7,,칼리나스
칼리나스,저주술사,스콜지,지능,F,혼돈의 저주,"225 범위 내의 적 유닛에게 100 / 200 / 300의 피해를 입히고, 무작위 디버프(아래 참조)를 겁니다.",90 / 105 / 120,15 / 14 / 13,1 / 3 / 5,,칼리나스
칼리나스,저주술사,스콜지,지능,패시브,고통의 오라,주변 아군 영웅이 적 영웅에게 주는 피해[6]를 5 / 10 / 15% 증가시킵니다. 마법 면역 무시,-,1 / 3 / 5,,,칼리나스
칼리나스,저주술사,스콜지,지능,W,황천 소환,"해당 위치에 8초간 지속되는 황천을 소환합니다. 황천은 적 유닛에게 0.5초당 50 / 80의 피해를 입히며, 이동 속도를 50% / 70%만큼 감소시킵니다. 마법 면역 무시",200 / 250,165,6 / 12,,칼리나스
캐런후프,타우렌 치프틴,센티널,힘,W,충격파,충격파를 날려 직선상의 적 유닛과 건물에 100 / 200 / 300의 피해를 입힙니다.,70 / 90 / 110,9,1 / 3 / 5,원전은 케른 블러드후프이다.,캐런후프
캐런후프,타우렌 치프틴,센티널,힘,G,돌진,"적에게 돌진해 100 / 200 / 300의 피해를 입히고, 1 / 1.5 / 2초간 기절시킵니다. 주변 적에게는 피해량이 50% 감소하며, 기절시간은 0.5초 감소합니다. (3레벨 기준 피해량 150, 기절 1.5초)",80 / 100 / 120,8 / 9 / 10,1 / 3 / 5,원전은 케른 블러드후프이다.,캐런후프
캐런후프,타우렌 치프틴,센티널,힘,패시브,타우렌의 분노,"자신과 750 범위내 아군의 공격 속도를 15% / 25% / 35%, 이동 속도를 4% / 8% / 12% 증가시키며, 자신의 방어력이 2 / 3 / 4만큼 증가합니다.",-,1 / 3 / 5,,원전은 케른 블러드후프이다.,캐런후프
캐런후프,타우렌 치프틴,센티널,힘,T,요동치는 번개,6초간 700 범위내 적 유닛에게 0.3초마다 35 / 50의 피해를 입히는 번개들을 소환합니다. 범위내 적들은 이동 속도가 80% 감소합니다. 마법 면역 무시,150 / 200,150,6 / 12,원전은 케른 블러드후프이다.,캐런후프
켈자드,캐릭터 모델 첨부 부탁드립니다.,스콜지,지능,T,물결 강타,물결을 강타해 일직선상 모든 적 유닛에게 120 / 220 / 320의 피해를 입히고 1 / 1.25 / 1.5초간 기절시킵니다.,90 / 110 / 130,9,1 / 3 / 5,원전은 켈투자드이다.,켈자드
켈자드,캐릭터 모델 첨부 부탁드립니다.,스콜지,지능,E,냉기 물결,"4초간 500 범위내 모든 적 유닛과 건물에 0.4초마다 15 / 30 / 45의 피해를 입히는 냉기 물결을 내보냅니다. 냉기 물결에 맞은 적은 1초간 공격 속도가 20%, 이동 속도가 30% 감소합니다. 채널링 기술 마법 면역 무시",90 / 110 / 130,10,1 / 3 / 5,원전은 켈투자드이다.,켈자드
켈자드,캐릭터 모델 첨부 부탁드립니다.,스콜지,지능,패시브,악마의 갑옷,자신과 800 범위내 아군의 방어력을 3 / 6 / 9 증가시킵니다.,-,1 / 3 / 5,,원전은 켈투자드이다.,켈자드
켈자드,캐릭터 모델 첨부 부탁드립니다.,스콜지,지능,W,냉기의 화신,"40초간 지속되는 냉기의 화신을 소환합니다. 공격력 100 - 120 / 130 - 150, 공격 속도 0.6, 매 공격마다 350 범위에 공격력의 40%만큼의 방어 무시 피해를 입힘 2레벨은 범위내 초당 60의 추가 피해를 입힘 사용시 공격 대상 지정이 활성화됨 G - 공격 대상 지정 화신에게 공격 대상을 지정합니다. 재사용 대기시간 4초 지점 지정시 공격 이동, 대상 지정시 대상만 공격 600 범위내 화신이 있어야만 적용 화신과 1200 거리 이상 떨어지면 화신이 자동으로 제자리로 돌아감",200 / 250,165,6 / 12,원전은 켈투자드이다.,켈자드
킹죠,캐릭터 모델 첨부 부탁드립니다.,스콜지,힘,E,덫,적 유닛에게 그물을 던져 힘 X 1 / 1.5 / 2배의 피해를 입히고 1.5 / 2 / 2.5초간 이동 불가 상태로 만듭니다. 기계에도 사용 가능 마법 면역 무시,50 / 70 / 90,10 / 11 / 12,1 / 3 / 5,,킹죠/카오스(워크래프트 3/유즈맵)
킹죠,캐릭터 모델 첨부 부탁드립니다.,스콜지,힘,T,지면 강타,"땅을 내리쳐 450 범위 내 적에게 100 / 200 / 300의 피해를 입히고, 1 / 1.5 / 2초간 기절시킵니다. 영웅이 아닌 유닛은 기절시간 2배로 적용",80 / 100 / 120,8 / 9 / 10,1 / 3 / 5,,킹죠/카오스(워크래프트 3/유즈맵)
킹죠,캐릭터 모델 첨부 부탁드립니다.,스콜지,힘,D,근력 강화,"15초간 힘을 30% / 40% / 50% 증가시키고, 매 공격마다 힘의 1 - 2배의 추가 피해를 입힙니다. 건물 및 기계에는 50%의 피해를 입힘 마법 면역 무시",70 / 80 / 90,30,1 / 4 / 7,,킹죠/카오스(워크래프트 3/유즈맵)
킹죠,캐릭터 모델 첨부 부탁드립니다.,스콜지,힘,W,몽둥이 강타,"몽둥이로 적을 날려 400 + (현재 힘 X 6)의 피해를 입히며, 날아간 적은 추락하며 300 범위 내 적 유닛에게 300의 피해를 입힙니다. 시전 대기시간 0.75초, 시전 대기시간 동안 자신은 마법 면역 상태가 됨 시전 대기시간 동안 근력 강화 사용 가능 덫에 걸린 대상에게 시전시 날아가지 않음 거리 300 이상 떨어진 적에게 시전시 400 + (힘 X 4)의 피해만 입힘 마법 면역 무시",150,100,6,,킹죠/카오스(워크래프트 3/유즈맵)
탈론,캐릭터 모델 첨부 부탁드립니다.,센티널,힘,T,연쇄 도끼 던지기,"최대 적 3 / 4 / 5기에게 튕기는 마법의 도끼[1]를 던져 100 / 200 / 300의 피해를 입히고, 0.5 / 1 / 1.5초간 기절시킵니다. 다음 목표물로 넘어갈 때마다 피해량 15% 감소, 기절시간 0.2초 감소",80 / 95 / 110,11,1 / 3 / 5,,탈론/카오스(워크래프트 3/유즈맵)
탈론,캐릭터 모델 첨부 부탁드립니다.,센티널,힘,R,전장의 함성,"함성을 질러 25초간 700 범위 내 아군의 공격력을 10 / 17 / 24만큼 증가시키고, 550 범위 내 적에게 100 / 175 / 250의 피해를 입히며, 1.5초간 적의 공격 속도, 이동 속도를 10% / 20% / 30% 감소시킵니다. 공격력 버프는 디스펠 가능, 슬로우 디버프는 디스펠 불가능",80 / 90 / 100,15,1 / 3 / 5,,탈론/카오스(워크래프트 3/유즈맵)
탈론,캐릭터 모델 첨부 부탁드립니다.,센티널,힘,D,고대의 야수 소환,"고대 코끼리, 고대 검은 곰, 고대 갈까마귀 중 1기의 야수를 소환합니다. 야수는 탈론의 레벨에 따라 같이 성장하며, 다른 야수 소환시 기존 야수는 사라집니다. 야수끼리는 체력 및 목숨을 공유 Q - 고대 코끼리 소환 강한 공격력과 공격 속도를 가진 고대 코끼리를 소환합니다. 보유 기술 : 야수 본능, 블링크, 강타 W - 고대 검은 곰 소환 체력과 체력 회복률이 높고 건물 철거 능력이 뛰어난 고대 검은 곰을 소환합니다. 보유 기술 : 보호 본능, 블링크, 슬램 E - 고대 갈까마귀 소환 공중 유닛이며 긴 사정거리를 가진 고대 갈까마귀를 소환합니다. 보유 기술 : 사정거리 증가, 마법 흡수, 날리기 야수 공통 특성 패시브 - 리지스턴트 스킨 적군의 마법이 지속되는 시간을 줄여주고 특정 마법에 대한 면역을 제공합니다. 패시브 - 불사의 야수 고대의 야수는 불사의 능력을 지니며, 부활하는데 35초의 시간이 필요합니다.",10,7,1,,탈론/카오스(워크래프트 3/유즈맵)
탈론,캐릭터 모델 첨부 부탁드립니다.,센티널,힘,V,고대의 영혼,18초간 고대 야수의 영혼을 뽑아내 함께 싸우게 합니다. 야수들은 탈론 주위를 맴돌며 자동으로 적을 공격합니다. 사용시 영혼 조종이 활성화됨 C - 영혼 조종 고대 야수의 영혼들에게 명령을 내려 1.7초간 적 하나를 집중 공격하도록 합니다. 재사용 대기시간 8초,150,6,,,탈론/카오스(워크래프트 3/유즈맵)
티란데,캐릭터 모델 첨부 부탁드립니다.,센티널,민첩,C,정찰 올빼미,"아울 스카우트를 소환합니다. 오직 1기만 소환 가능 아울 스카우트 스펙은 아래 참조 아울 스카우트 이동 속도 270 / 350 / 400, 시야 800 / 1100 / 1400, 지속시간 45초 패시브 - 트루 싸이트 900 범위내 투명 유닛들을 보이게 합니다. 패시브 - 리지스턴트 스킨 적군의 마법이 지속되는 시간을 줄여주고 특정 마법에 대한 면역을 제공합니다.",50,30,1 / 3 / 5,원전은 티란데 위스퍼윈드이다.,티란데/카오스(워크래프트 3/유즈맵)
티란데,캐릭터 모델 첨부 부탁드립니다.,센티널,민첩,D,냉기 화살,"매 공격마다 50 / 80 / 110 / 140의 추가 피해를 입히며, 3초간 적 유닛의 이동 속도를 15% / 20% / 25% / 30% 감소시킵니다. 오브 기반 마법 면역 무시",5 / 7 / 9 / 11,-,2 / 5 / 8 / 11,원전은 티란데 위스퍼윈드이다.,티란데/카오스(워크래프트 3/유즈맵)
티란데,캐릭터 모델 첨부 부탁드립니다.,센티널,민첩,T,달의 가호,15초간 자신과 주변 아군 영웅의 방어력을 2 / 3 / 4 증가시키고 마법 피해를 15% / 20% / 25% 감소시킵니다. 또한 지속시간동안 자신이 피해를 입을 경우 1회에 한하여 3초간 무적 상태가 되며 300의 체력을 회복합니다.,100 / 110 / 120,40,1 / 5 / 9,원전은 티란데 위스퍼윈드이다.,티란데/카오스(워크래프트 3/유즈맵)
티란데,캐릭터 모델 첨부 부탁드립니다.,센티널,민첩,F,별의 폭포,"950 범위내 적 유닛과 건물에 유성을 떨어뜨려 유성 1기당 120 / 150의 피해를 입히는 영혼의 올빼미를 소환합니다. 마법 면역 무시 영혼의 올빼미 스펙은 아래 참조 영혼의 올빼미 체력 1000 / 1500, 체력 회복 +30, 방어력 10 / 15(대형), 공중 및 기계 타입, 시야 1000, 지속시간 12초",200 / 250,150,6 / 12,원전은 티란데 위스퍼윈드이다.,티란데/카오스(워크래프트 3/유즈맵)
파르테논,미노타우르스 킹,센티널,힘,T,발구르기,"일직선 상에 있는 적 유닛에게 100 / 200 / 300의 데미지를 입히고, 1.25 / 1.5 / 1.75초 동안 기절시킵니다.[1]",90 / 110 / 130,9,1 / 3 / 5,,파르테논/카오스(워크래프트 3/유즈맵)
파르테논,미노타우르스 킹,센티널,힘,E,분쇄,"사용마다 강력한 힘을 토템에 깃들게 하여 다음 공격시 적 지상 유닛과 건물에게 50 / 100 / 150의 피해를 입히고, 2초간 이동속도 15 / 20 / 25% 감소시킵니다. 최대 5회 충전할 수 있습니다. 마법 면역 무시",20 / 25 / 30,3,1 / 3 / 5,,파르테논/카오스(워크래프트 3/유즈맵)
파르테논,미노타우르스 킹,센티널,힘,R,야수의 육체,"습득시 영구적으로 마법 방어력이 3 / 6 / 9%[2], 방어력이 4 / 6 / 8 증가합니다.",-,1 / 3 / 5,,,파르테논/카오스(워크래프트 3/유즈맵)
파르테논,미노타우르스 킹,센티널,힘,W,미노타우르스 토템,"미노타우르스 토템을 소환하여 적 유닛에게 즉시 400 / 600의 피해를 입히고, 4초간 적 유닛의 이동속도와 공격속도를 50% 감소시킵니다. 또한 토템은 10초간 주위 적에게 초당 50 / 100의 피해를 지속적으로 입힙니다. 마법 면역 무시 토템 스펙은 아래 참조 미노타우르스 토템 체력 700 / 1000, 방어력 5, 워드 타입, 지속시간 10초",150 / 200,155 / 150,6 / 12,,파르테논/카오스(워크래프트 3/유즈맵)
페르다,캐릭터 모델 첨부 부탁드립니다.,센티널,지능,R,교화,"500 범위내 지역에 적 소환물이나 중립 크립이 있을 경우 자신의 소유로 만들고, 없을 경우 최대 4 / 6 / 8레벨의 크립들을 소환합니다. 크립은 체력 회복 속도가 3 증가된 상태로 소환되며, 각 크립의 레벨의 합이 10까지만 소유할 수 있습니다. 지속시간 40초 크립은 강화를 습득하지 않았을시 체력 250 증가, 이동 속도 60 증가 아이템 및 궁극기급 소환물에게 사용 불가",75,25,1 / 5 / 10,,페르다
페르다,캐릭터 모델 첨부 부탁드립니다.,센티널,지능,패시브,강화,"교화로 소유한 유닛이나 소환한 크립들의 체력이 300 / 400 / 500 증가하며, 공격력이 0 / 20 / 30만큼, 방어력이 5 / 5 / 8만큼, 공격 속도가 0% / 0% / 35%만큼, 이동 속도가 75 / 90 / 120만큼 증가합니다. 적 소환물이나 중립 크립의 소유권을 가져왔을 경우 1레벨만 적용",-,3 / 7 / 11,,,페르다
페르다,캐릭터 모델 첨부 부탁드립니다.,센티널,지능,E,희생,"크립이나 소환물을 즉시 파괴해 100 + 대상 레벨 X 5 / 15 / 25의 피해를 입히고 피해량의 절반만큼 아군의 체력을 회복시킵니다. 적 소환물, 중립 크립, 구울과 보이드 워커에게 사용 가능 적 소환물, 중립 크립, 구울과 보이드 워커에게 사용시 경험치 및 골드 획득 불가 아이템 및 궁극기급 소환물에게 사용 불가 자신의 소환물일 경우 피해량 1.5배 건물 및 기계에는 65%의 피해를 입힘 마법 면역 무시",50 / 70 / 90,5,1 / 3 / 5,,페르다
페르다,캐릭터 모델 첨부 부탁드립니다.,센티널,지능,W,고립,"10초간 해당 지역에 체력 55 / 80의 나무를 소환해 적을 가두고 숲의 파수꾼 4기를 소환해 공격합니다. 숲의 파수꾼 스펙은 아래 참조 숲의 파수꾼 체력 500 / 800, 공격력 80 - 100 / 130 - 150(마법), 사정거리 450, 방어력 8 / 10(대형), 공격 속도 1.0, 지속시간 20초",150 / 200,120,6 / 12,,페르다
퓨리온,캐릭터 모델 첨부 부탁드립니다.,센티널,지능,E,엔탱글링 루츠,"적에게 사용시 즉시 지능 1당 1.5의 피해를 입히며, 2 / 3 / 4초간 나무 뿌리로 묶어 공격과 이동을 할 수 없게 만들고, 초당 50 / 70 / 90의 피해를 입힙니다. 아군에게 사용시 4초간 초당 35 / 55 / 75의 체력을 회복시키며 방어력을 3 / 5 / 7 증가시킵니다. 묶기는 디스펠 가능, 체력 회복은 디스펠 불가능",75 / 100 / 125,9,1 / 3 / 5,원전은 말퓨리온 스톰레이지이다.,퓨리온/카오스(워크래프트 3/유즈맵)
퓨리온,캐릭터 모델 첨부 부탁드립니다.,센티널,지능,F,포스 오브 네이처,"해당 지역 나무에 생명을 불어넣어 트렌트 2 / 3 / 4기를 소환합니다. 4레벨일 경우 대장 트렌트 2기를 소환합니다. 트렌트 및 대장 트렌트 스펙은 아래 참조 트렌트 체력 500, 체력 회복 +1, 공격력 15 - 15(공성), 사정거리 근접, 방어력 5(대형), 공격 속도 0.x, 이동 속도 300이상, 지속시간 50초 패시브 - 뿌리 강타 매 공격마다 50% 확률로 적 유닛에게 25의 마법 피해를 입힘 대장 트렌트 체력 800, 체력 회복 +1, 공격력 24 - 24(공성), 사정거리 근접, 방어력 3(대형), 공격 속도 0.x, 이동 속도 300이상, 지속시간 50초 공중 유닛 공격 불가능 패시브 - 뿌리 강타 매 공격마다 50% 확률로 적 유닛에게 45의 마법 피해를 입힘 패시브 - 슬로우 포이즌 5초간 초당 20의 피해를 입히고. 공격 속도를 20%, 이동 속도를 15% 감소시킵니다.",90 / 110 / 130 / 150,17 / 19 / 21 / 23,2 / 4 / 6 / 8,원전은 말퓨리온 스톰레이지이다.,퓨리온/카오스(워크래프트 3/유즈맵)
퓨리온,캐릭터 모델 첨부 부탁드립니다.,센티널,지능,B,빛의 이동,최대 400 / 550 / 700 거리만큼 순간이동합니다. 미사일 형태의 기술 흡수 가능 탐험되지 않은 지역으로 이동 불가,40 / 50 / 60,8,1 / 3 / 5,원전은 말퓨리온 스톰레이지이다.,퓨리온/카오스(워크래프트 3/유즈맵)
퓨리온,캐릭터 모델 첨부 부탁드립니다.,센티널,지능,T,강화 트랜퀼리티,"25초간 800 범위내 아군 유닛의 체력을 초당 50 / 75 회복하며, 적에게는 초당 45 / 65의 피해를 입히는 비를 내립니다. 기계 유닛은 회복량 50%",200 / 250,165 / 150,6 / 12,원전은 말퓨리온 스톰레이지이다.,퓨리온/카오스(워크래프트 3/유즈맵)
프로드,캐릭터 모델 첨부 부탁드립니다.,센티널,지능,T,메테오,"적에게 운석을 떨어뜨려 110 / 220 / 330의 피해를 입히고, 1.5초간 기절시킵니다.",80 / 100 / 120,9,1 / 3 / 5,,프로드
프로드,캐릭터 모델 첨부 부탁드립니다.,센티널,지능,F,화염 폭풍,범위내 모든 적 유닛과 건물에 0.5 / 0.4 / 0.35초마다 25 / 30 / 35의 피해를 12 / 16 / 20회 입힙니다. 피해를 입은 적은 8초간 초당 4 / 8 / 12의 추가 피해를 입습니다. 건물에는 40% / 45% / 50%의 피해를 입힘 채널링 기술,85 / 100 / 115,9,1 / 3 / 5,,프로드
프로드,캐릭터 모델 첨부 부탁드립니다.,센티널,지능,패시브,리퀴드 파이어,10초간 초당 15 / 25 / 35의 피해를 입히는 불타는 액체를 던집니다. 건물에게도 피해를 입힘,-,1 / 3 / 5,,,프로드
프로드,캐릭터 모델 첨부 부탁드립니다.,센티널,지능,W,파워 메테오,강력한 운석을 떨어뜨려 450 범위내 모든 적 유닛과 건물에 500 / 700의 피해를 입히며 생명체들을 2 / 2.2초간 기절시킵니다. 나무 파괴 가능 마법 면역 무시,150 / 200,165,6 / 12,,프로드
플루토,악몽의 탐식자,스콜지,지능,D,몽마의 탐식,"적 유닛의 이동속도를 1.5초간 50% 감소시키고, 120 / 240 / 360의 피해를 입힌 후 피해량만큼 자신의 체력을 회복합니다.",60 / 70 / 80,9,1 / 4 / 7,,플루토(카오스)
플루토,악몽의 탐식자,스콜지,지능,E,악몽의 손,해당 지역에 악몽의 손을 소환합니다. 악몽의 손은 1초후 폭발하며 400 범위의 적 유닛들을 1 / 1.5 / 2초간 공포상태로 만들고 100 / 200 / 300의 피해를 입힙니다.,70 / 80 / 90,13,1 / 4 / 7,,플루토(카오스)
플루토,악몽의 탐식자,스콜지,지능,T,배회의 꿈,대상 유닛[1]을 피격 위치에 속박합니다. 대상은 3초후 속박된 위치로 돌아오며 적 유닛의 경우 100 / 150 / 200의 피해를 입고 1 / 1.5 / 2초간 기절합니다. 아군 대상으로 시전시 투사체 없이 즉시 적용 본인에게는 사용 불가,60 / 80 / 100,15,1 / 4 / 7,,플루토(카오스)
플루토,악몽의 탐식자,스콜지,지능,W,악령의 고리,"10초간 자신을 중심으로 1000 범위내의 아군 영웅이 받는 피해를 40% / 55% 감소시키고, 감소된 피해의 70% / 50%를 자신이 대신 입습니다. 이 피해는 자신의 체력이 40% 미만일 때는 들어오지 않습니다. 또한 지속시간 동안 자신의 체력이 초당 85 / 105씩 회복됩니다.",150 / 200,135 / 120,6 / 12,,플루토(카오스)
