level,xp_need,monster_xp,description_kr
1,200,30,레벨 L → L+1 필요 XP(xp_need) · 레벨 L 몬스터 처치 XP 기준값(monster_xp — × spawn_grade.exp_mult × monster.csv:exp_coef) — 디아블로2 1.13 Experience.txt 필요량 증분 × 0.4 (10 단위 반올림) · MonLvl.txt 노말 XP 그대로 (2026-09-28 PLAN_early_progression D1 · D2 — 사용자 「10까지 가는 과정을 디아블로랑 똑같이」)
2,400,40,
3,900,50,
4,1650,60,
5,2520,70,
6,3400,80,
7,4080,90,
8,4600,100,
9,5330,110,
10,5770,120,1장 끝 — 같은 레벨 일반 몹 약 48마리 = 1레벨
11,7210,130,
12,9020,140,
13,11270,154,
14,14090,169,
15,17610,186,
16,22020,205,
17,27520,225,
18,34400,248,
19,43000,273,
20,53750,300,
21,67190,330,
22,83990,363,
23,104980,399,
24,131230,439,
25,164040,470,
26,205040,503,
27,256310,538,
28,279370,576,
29,304520,616,
30,331920,659,
31,361800,706,
32,394360,755,
33,429850,808,
34,468540,864,
35,510710,925,
36,556670,990,
37,606770,1059,
38,661380,1133,
39,720900,1212,
40,785780,1297,
41,856510,1388,
42,933590,1485,
43,1017610,1589,
44,1109200,1693,
45,1209030,1797,
46,1317840,1901,
47,1436440,2005,
48,1565720,2109,
49,1706640,2213,
50,1860240,2317,
51,2027660,2421,
52,2210150,2525,
53,2409060,2629,
54,2625880,2733,
55,2862210,2837,
56,3119800,2941,
57,3400590,3045,
58,3706640,3149,
59,4040240,3253,
60,4403860,3357,
61,4800210,3461,
62,5232220,3565,
63,5703120,3669,
64,6216410,3773,
65,6775880,3877,
66,7385710,3981,
67,8050430,4085,
68,8774960,4189,
69,9564710,4293,
70,10425530,4397,[balance.csv:hero_level_cap] — xp_need 는 안 읽는다(상한에서 XP 를 쌓지 않는다) · monster_xp 는 몬스터 레벨 상한
