node_id,tree_kind,owner_id,tier,stat,name_kr,name_en,value_key,max_rank_key,unlock_key,requires,cond,description_kr
sin_wrath_t1_atkspeed,sin,wrath,1,aspd_pct,격분,Fury,mastery_wrath_t1_atkspeed_pct,mastery_t1_max_rank,-,-,-,분노 T1-1 — 공격 속도 (skill_design §3-1 · 2026-10-05 옛 T2 를 당겼다 · 옛 공통 T1 폐지)
sin_wrath_t1_critchance,sin,wrath,1,crit_rate,살의,Killing Intent,mastery_wrath_t1_critchance_pct,mastery_t1_max_rank,-,-,-,분노 T1-2 — 치명타 확률 (skill_design §3-1)
sin_wrath_t1_critdamage,sin,wrath,1,crit_damage,피의 갈망,Bloodlust,mastery_wrath_t1_critdamage_pct,mastery_t1_max_rank,-,-,-,분노 T1-3 — 치명타 피해. ⚠ 치명 배수 금지 원칙의 유일한 예외(분노만) (skill_design §3)
sin_envy_t1_defignore,sin,envy,1,def_ignore,사안,Evil Eye,mastery_envy_t1_defignore_pct,mastery_t1_max_rank,-,-,-,시기 T1-1 — 방어 무시 (skill_design §3-1)
sin_envy_t1_reflect,sin,envy,1,reflect_damage,원한,Resentment,mastery_envy_t1_reflect_pct,mastery_t1_max_rank,-,-,-,시기 T1-2 — 반사 피해 (skill_design §3-1)
sin_envy_t1_resignore,sin,envy,1,res_reduction,폄하,Belittle,mastery_envy_t1_resignore_pct,mastery_t1_max_rank,-,-,-,시기 T1-3 — 모든 원소 저항 무시. 그 타격의 원소 저항에 걸린다 (skill_design §3-1)
sin_greed_t1_gold,sin,greed,1,gold_find,미다스의 손,Midas Touch,mastery_greed_t1_gold_pct,mastery_t1_max_rank,-,-,-,탐욕 T1-1 — 골드 획득. 파티 합산 뒤 체감 (skill_design §3-1 · item_design §1)
sin_greed_t1_itemfind,sin,greed,1,item_find,약탈,Plunder,mastery_greed_t1_itemfind_pct,mastery_t1_max_rank,-,-,-,탐욕 T1-2 — 드랍률. 파티 합산 뒤 체감 (skill_design §3-1)
sin_greed_t1_magicfind,sin,greed,1,magic_find,감정사의 눈,Appraiser's Eye,mastery_greed_t1_magicfind_pct,mastery_t1_max_rank,-,-,-,탐욕 T1-3 — 매직아이템 획득확률. 장비 탐욕 칸과 같은 채널 (skill_design §3-1)
sin_sloth_t1_hp,sin,sloth,1,hp_flat,깊은 잠,Deep Slumber,mastery_sloth_t1_hp_flat,mastery_t1_max_rank,-,-,-,나태 T1-1 — 체력 +상수. 체력 % 보다 먼저 더해진다 · 초반에 강하게 (skill_design §3-1 · 2026-10-05)
sin_sloth_t1_dr,sin,sloth,1,damage_reduction,무관심,Indifference,mastery_sloth_t1_dr_pct,mastery_t1_max_rank,-,-,-,나태 T1-2 — 피해 감소. 원천별 곱의 한 원천이다 (battle_design §9-3)
sin_sloth_t1_cdr,sin,sloth,1,cooldown_reduction,지름길,Shortcut,mastery_sloth_t1_cdr_pct,mastery_t1_max_rank,-,-,-,나태 T1-3 — 액티브 쿨타임 감소 (skill_design §3-1)
sin_gluttony_t1_hp,sin,gluttony,1,hp_flat,끝없는 만찬,Endless Feast,mastery_gluttony_t1_hp_flat,mastery_t1_max_rank,-,-,-,폭식 T1-1 — 체력 +상수. 옛 HP 재생 대체 (skill_design §3-1 · 2026-10-05)
sin_gluttony_t1_crush,sin,gluttony,1,crushing_blow_pct,집어삼킴,Devour,mastery_gluttony_t1_crush_pct,mastery_t1_max_rank,-,-,-,폭식 T1-2 — 강타. 무기 폭식 칸 · 마법사 T1-3 과 같은 채널 (skill_design §3-1)
sin_gluttony_t1_resall,sin,gluttony,1,res_all,무쇠 위장,Iron Stomach,mastery_gluttony_t1_resall_pct,mastery_t1_max_rank,-,-,-,폭식 T1-3 — 모든 원소 저항. ⚠ 상한형 (skill_design §3-1)
sin_lust_t1_lifesteal,sin,lust,1,life_steal,피의 입맞춤,Kiss of Blood,mastery_lust_t1_lifesteal_pct,mastery_t1_max_rank,-,-,-,색욕 T1-1 — 흡혈 (skill_design §3-1)
sin_lust_t1_critchance,sin,lust,1,crit_rate,유혹,Seduction,mastery_lust_t1_critchance_pct,mastery_t1_max_rank,-,-,-,색욕 T1-2 — 치명타 확률 (skill_design §3-1)
sin_lust_t1_buffdur,sin,lust,1,buff_dur_pct,여운,Afterglow,mastery_lust_t1_buffdur_pct,mastery_t1_max_rank,-,-,-,색욕 T1-3 — 버프 지속시간 +%. 옛 체력 회복 +% 대체 (skill_design §3-1 · 2026-10-05)
sin_pride_t1_dr,sin,pride,1,damage_reduction,불굴,Unbowed,mastery_pride_t1_dr_pct,mastery_t1_max_rank,-,-,-,오만 T1-1 — 피해 감소 (skill_design §3-1)
sin_pride_t1_atk,sin,pride,1,atk_pct,우월,Superiority,mastery_pride_t1_atk_pct,mastery_t1_max_rank,-,-,-,오만 T1-2 — 데미지 %. 옛 최대 원소 저항 대체 (skill_design §3-1 · 2026-10-05)
sin_pride_t1_fhr,sin,pride,1,fhr,평정,Composure,mastery_pride_t1_fhr,mastery_t1_max_rank,-,-,-,오만 T1-3 — 타격 회복(물리 경직 시간 −). 갑옷 분노 칸과 같은 채널 (skill_design §3-1)
sin_wrath_t2_gear,sin,wrath,2,aspd_pct,전투의 열기,Battle Fervor,mastery_wrath_t2_gear_atkspeed_pct,mastery_t1_max_rank,mastery_t2_unlock_level,sin_gear,-,분노 T2-1 — 분노 장비가 문턱 이상인 동안 공격 속도. ⚠ 이름 임시 (skill_design §3-2 · 2026-10-05)
sin_wrath_t2_wounded_crit,sin,wrath,2,crit_rate,최후의 저항,Last Stand,mastery_wrath_t2_wounded_critchance_pct,mastery_t1_max_rank,mastery_t2_unlock_level,-,wounded,분노 T2-2 — 내 HP 가 문턱 미만인 동안 치명 확률. ⚠ 이름 임시
sin_wrath_t2_wounded_critdmg,sin,wrath,2,crit_damage,죽음의 소망,Death Wish,mastery_wrath_t2_wounded_critdamage_pct,mastery_t1_max_rank,mastery_t2_unlock_level,-,wounded,분노 T2-3 — 내 HP 가 문턱 미만인 동안 치명 피해. ⚠ 곱의 항 — 분노만의 예외 · 이름 임시
sin_envy_t2_gear,sin,envy,2,def_ignore,탐내는 시선,Covetous Gaze,mastery_envy_t2_gear_defignore_pct,mastery_t1_max_rank,mastery_t2_unlock_level,sin_gear,-,시기 T2-1 — 시기 장비가 문턱 이상인 동안 방어 무시. ⚠ 이름 임시
sin_envy_t2_stronger_defignore,sin,envy,2,def_ignore,끌어내림,Bring Down,mastery_envy_t2_stronger_defignore_pct,mastery_t1_max_rank,mastery_t2_unlock_level,-,stronger,시기 T2-2 — 대상의 현재 HP 가 내 현재 HP 보다 높은 동안 방어 무시. ⚠ 이름 임시
sin_envy_t2_stronger_reflect,sin,envy,2,reflect_damage,원망,Grudge,mastery_envy_t2_stronger_reflect_pct,mastery_t1_max_rank,mastery_t2_unlock_level,-,stronger,시기 T2-3 — 나를 때린 적의 현재 HP 가 내 현재 HP 보다 높을 때 반사. ⚠ 이름 임시
sin_greed_t2_gear,sin,greed,2,magic_find,황금 더미,Golden Hoard,mastery_greed_t2_gear_magicfind_pct,mastery_t1_max_rank,mastery_t2_unlock_level,sin_gear,-,탐욕 T2-1 — 탐욕 장비가 문턱 이상인 동안 매직아이템 획득확률. ⚠ 이름 임시
sin_greed_t2_elite_atk,sin,greed,2,atk_pct,큰 사냥감,Big Game,mastery_greed_t2_elite_atk_pct,mastery_t1_max_rank,mastery_t2_unlock_level,-,elite,탐욕 T2-2 — 대상이 정예 · 보스인 동안 데미지 %. T1 밖 능력치(탐욕 예외) · ⚠ 이름 임시
sin_greed_t2_elite_crit,sin,greed,2,crit_rate,잭팟,Jackpot,mastery_greed_t2_elite_critchance_pct,mastery_t1_max_rank,mastery_t2_unlock_level,-,elite,탐욕 T2-3 — 대상이 정예 · 보스인 동안 치명 확률. T1 밖 능력치(탐욕 예외) · ⚠ 이름 임시
sin_sloth_t2_gear,sin,sloth,2,damage_reduction,따뜻한 침대,Warm Bed,mastery_sloth_t2_gear_dr_pct,mastery_t1_max_rank,mastery_t2_unlock_level,sin_gear,-,나태 T2-1 — 나태 장비가 문턱 이상인 동안 피해 감소(원천 하나). ⚠ 이름 임시
sin_sloth_t2_tick_dr,sin,sloth,2,damage_reduction,무거운 눈꺼풀,Heavy Eyelids,mastery_sloth_t2_tick_dr_pct,mastery_t1_max_rank,mastery_t2_unlock_level,-,tick,나태 T2-2 — 라운드가 이어진 겹마다 피해 감소(상한 · 라운드 초기화). ⚠ 이름 임시
sin_sloth_t2_tick_cdr,sin,sloth,2,cooldown_reduction,느긋함,Unhurried,mastery_sloth_t2_tick_cdr_pct,mastery_t1_max_rank,mastery_t2_unlock_level,-,tick,나태 T2-3 — 라운드가 이어진 겹마다 쿨타임 감소. ⚠ 이름 임시
sin_gluttony_t2_gear,sin,gluttony,2,crushing_blow_pct,한 그릇 더,Second Helping,mastery_gluttony_t2_gear_crush_pct,mastery_t1_max_rank,mastery_t2_unlock_level,sin_gear,-,폭식 T2-1 — 폭식 장비가 문턱 이상인 동안 강타. ⚠ 이름 임시
sin_gluttony_t2_sated_crush,sin,gluttony,2,crushing_blow_pct,부른 배,Full Belly,mastery_gluttony_t2_sated_crush_pct,mastery_t1_max_rank,mastery_t2_unlock_level,-,sated,폭식 T2-2 — 내 HP 가 문턱 이상인 동안 강타. ⚠ 이름 임시
sin_gluttony_t2_sated_resall,sin,gluttony,2,res_all,두꺼운 가죽,Thick Hide,mastery_gluttony_t2_sated_resall_pct,mastery_t1_max_rank,mastery_t2_unlock_level,-,sated,폭식 T2-3 — 내 HP 가 문턱 이상인 동안 모든 원소 저항. ⚠ 이름 임시
sin_lust_t2_gear,sin,lust,2,life_steal,진홍 베일,Crimson Veil,mastery_lust_t2_gear_lifesteal_pct,mastery_t1_max_rank,mastery_t2_unlock_level,sin_gear,-,색욕 T2-1 — 색욕 장비가 문턱 이상인 동안 흡혈. ⚠ 이름 임시
sin_lust_t2_ailing_crit,sin,lust,2,crit_rate,치명적 매력,Fatal Charm,mastery_lust_t2_ailing_critchance_pct,mastery_t1_max_rank,mastery_t2_unlock_level,-,ailing,색욕 T2-2 — 대상이 상태이상인 동안 치명 확률. ⚠ 이름 임시
sin_lust_t2_ailing_lifesteal,sin,lust,2,life_steal,세이렌의 포옹,Siren's Embrace,mastery_lust_t2_ailing_lifesteal_pct,mastery_t1_max_rank,mastery_t2_unlock_level,-,ailing,색욕 T2-3 — 대상이 상태이상인 동안 흡혈. ⚠ 이름 임시
sin_pride_t2_gear,sin,pride,2,atk_pct,허영의 왕관,Crown of Vanity,mastery_pride_t2_gear_atk_pct,mastery_t1_max_rank,mastery_t2_unlock_level,sin_gear,-,오만 T2-1 — 오만 장비가 문턱 이상인 동안 데미지 %. ⚠ 이름 임시
sin_pride_t2_weaker_atk,sin,pride,2,atk_pct,군림,Lord Over,mastery_pride_t2_weaker_atk_pct,mastery_t1_max_rank,mastery_t2_unlock_level,-,weaker,오만 T2-2 — 대상의 현재 HP 가 내 현재 HP 보다 낮은 동안 데미지 %. ⚠ 이름 임시
sin_pride_t2_weaker_dr,sin,pride,2,damage_reduction,안중에 없음,Beneath Notice,mastery_pride_t2_weaker_dr_pct,mastery_t1_max_rank,mastery_t2_unlock_level,-,weaker,오만 T2-3 — 나를 때린 적의 현재 HP 가 내 현재 HP 보다 낮을 때 피해 감소(원천 하나). ⚠ 이름 임시
cls_warrior_t1_hp,class,warrior,1,hp_pct,체력 증가,Health Increase,mastery_warrior_t1_hp_pct,mastery_t1_max_rank,-,-,-,전사 T1-1 — 최대 HP %. 나태 · 폭식 T1 의 체력 상수에도 곱해진다 (skill_design §3-4)
cls_warrior_t1_resall,class,warrior,1,res_all,모든 저항력,All Resistances,mastery_warrior_t1_resall_pct,mastery_t1_max_rank,-,-,-,전사 T1-2 — 원소 저항 4종 동시. 폭식 T1-3 과 공유 (skill_design §3-4)
cls_warrior_t1_atk,class,warrior,1,atk_pct,데미지 증가,Damage Increase,mastery_warrior_t1_atk_pct,mastery_t1_max_rank,-,-,-,전사 T1-3 — 상시 피해 %. 오만 T1-2 와 같은 채널 (skill_design §3-4)
cls_knight_t1_hp,class,knight,1,hp_pct,체력 증가,Health Increase,mastery_knight_t1_hp_pct,mastery_t1_max_rank,-,-,-,기사 T1-1 — 최대 HP % (skill_design §3-4)
cls_knight_t1_def,class,knight,1,def_flat,물리 방어,Physical Defense,mastery_knight_t1_def_flat,mastery_t1_max_rank,-,-,-,기사 T1-2 — 물리 방어 (skill_design §3-4)
cls_knight_t1_dr,class,knight,1,damage_reduction,피해 감소,Damage Reduction,mastery_knight_t1_dr_pct,mastery_t1_max_rank,-,-,-,기사 T1-3 — 피해 감소. 원천별 곱의 한 원천이다 (battle_design §9-3)
cls_mage_t1_atkspeed,class,mage,1,aspd_pct,공격 속도,Attack Speed,mastery_mage_t1_atkspeed_pct,mastery_t1_max_rank,-,-,-,마법사 T1-1 — 행동 주기 감소 % (skill_design §3-4 · 09-22)
cls_mage_t1_cdr,class,mage,1,cooldown_reduction,쿨타임 감소,Cooldown Reduction,mastery_mage_t1_cdr_pct,mastery_t1_max_rank,-,-,-,마법사 T1-2 — 액티브 쿨타임 감소. ⚠ 나태 T1-3 과 2중 스택 (skill_design §3-4 · 09-22)
cls_mage_t1_crush,class,mage,1,crushing_blow_pct,강타,Crushing Blow,mastery_mage_t1_crush_pct,mastery_t1_max_rank,-,-,-,마법사 T1-3 — 강타. 마법사의 고유 칸 · 폭식 T1-2 와 같은 채널 (skill_design §3-4 · 09-22)
cls_priest_t1_atkspeed,class,priest,1,aspd_pct,공격 속도,Attack Speed,mastery_priest_t1_atkspeed_pct,mastery_t1_max_rank,-,-,-,사제 T1-1 — 행동 주기 감소 % (skill_design §3-4 · 09-22)
cls_priest_t1_cdr,class,priest,1,cooldown_reduction,쿨타임 감소,Cooldown Reduction,mastery_priest_t1_cdr_pct,mastery_t1_max_rank,-,-,-,사제 T1-2 — 액티브 쿨타임 감소. ⚠ 나태 T1-3 과 2중 스택 (skill_design §3-4)
cls_priest_t1_buffdur,class,priest,1,buff_dur_pct,버프 지속시간,Buff Duration,mastery_priest_t1_buffdur_pct,mastery_t1_max_rank,-,-,-,사제 T1-3 — 버프 지속시간 +%. 사제의 고유 칸 · 색욕 T1-3 · 반지 · 목걸이 공통옵션과 같은 채널 (skill_design §3-4 · 09-22)
cls_archer_t1_atkspeed,class,archer,1,aspd_pct,공격 속도,Attack Speed,mastery_archer_t1_atkspeed_pct,mastery_t1_max_rank,-,-,-,궁수 T1-1 — 행동 주기 감소 % (skill_design §3-4 · 09-22)
cls_archer_t1_critchance,class,archer,1,crit_rate,치명타 확률,Critical Chance,mastery_archer_t1_critchance_pct,mastery_t1_max_rank,-,-,-,궁수 T1-2 — 치명타 확률. ⚠ 분노 T1-2 와 2중 스택 (skill_design §3-4)
cls_archer_t1_hitbonus,class,archer,1,hit_bonus,명중률,Hit Chance,mastery_archer_t1_hitbonus_pct,mastery_t1_max_rank,-,-,-,궁수 T1-3 — 명중률. 적중률에 (1 + 명중률)로 곱한다(10-06 — ~~레벨 차 적중률에 더한다~~) · 궁수의 고유 칸 (skill_design §3-4 · battle_design §9-4 · 09-22)
cls_t2_weapon_damage,class,*,2,atk_pct,{group} 마스터리,{group} Mastery,mastery_t2_weapon_damage_pct,mastery_t1_max_rank,mastery_t2_unlock_level,weapon:mace|spear|orb|crucifix|bow,-,직업 T2-1 — 데미지 %. 5직업 공통 · 빠른 무기를 들었을 때만 (skill_design §3-5 · 09-22)
cls_t2_weapon_atkspeed,class,*,2,aspd_pct,{group} 마스터리,{group} Mastery,mastery_t2_weapon_atkspeed_pct,mastery_t1_max_rank,mastery_t2_unlock_level,weapon:axe|sword2h|staff|bible|crossbow,-,직업 T2-2 — 공격 속도. 5직업 공통 · 느린 무기를 들었을 때만 (skill_design §3-5)
cls_warrior_t2_heavy,class,warrior,2,aspd_pct,중갑 마스터리,Heavy Armor Mastery,mastery_heavy_t2_atkspeed_pct,mastery_t1_max_rank,mastery_t2_unlock_level,armor:heavy,-,전사 T2-3 — 중갑 마스터리(공격 속도). 갑옷 칸이 중갑일 때만 (skill_design §3-5 · §3-6 · 09-22)
cls_knight_t2_heavy,class,knight,2,aspd_pct,중갑 마스터리,Heavy Armor Mastery,mastery_heavy_t2_atkspeed_pct,mastery_t1_max_rank,mastery_t2_unlock_level,armor:heavy,-,기사 T2-3 — 중갑 마스터리(공격 속도). 갑옷 칸이 중갑일 때만 (skill_design §3-5 · §3-6 · 09-22)
cls_mage_t2_robe,class,mage,2,def_flat,로브 마스터리,Robe Mastery,mastery_robe_t2_def_flat,mastery_t1_max_rank,mastery_t2_unlock_level,armor:robe,-,마법사 T2-3 — 로브 마스터리(방어력). 갑옷 칸이 로브일 때만 (skill_design §3-5 · §3-6 · 09-22)
cls_priest_t2_robe,class,priest,2,def_flat,로브 마스터리,Robe Mastery,mastery_robe_t2_def_flat,mastery_t1_max_rank,mastery_t2_unlock_level,armor:robe,-,사제 T2-3 — 로브 마스터리(방어력). 갑옷 칸이 로브일 때만 (skill_design §3-5 · §3-6 · 09-22)
cls_archer_t2_light,class,archer,2,hp_pct,경갑 마스터리,Light Armor Mastery,mastery_light_t2_hp_pct,mastery_t1_max_rank,mastery_t2_unlock_level,armor:light,-,궁수 T2-3 — 경갑 마스터리(체력). 갑옷 칸이 경갑일 때만 (skill_design §3-5 · §3-6 · 09-22)
