monster_idx,chapter,stage_num,monster_name_kr,monster_name_en,face,face_elite,monster_type,monster_base,attack_type,spawn_grade,role,cls,str,agi,int,vit,luck,ldr,cha,innate_skill,weapon_group,wear_slots,size_type,defense,res_fire,res_cold,res_lightning,res_poison,exp_coef,story_kr,story_en,description_kr
1101,1,1,고블린 척후병,Goblin Scout,1,0,Demon,Goblin,physical,normal,skirmish,archer,3,14,3,4,5,4,5,arc_snipe,bow,weapon|armor|boots,1,34,0.15,0.15,0.15,0.15,1,"해가 지기 전, 척후병들은 진영 바깥 숲으로 흩어졌다. 그들은 나무 뒤에 몸을 낮추고 활시위를 당긴 채 오래 기다렸다. 길을 잘못 든 병사가 나타나면 화살 서너 대가 한꺼번에 날아갔고, 척후병들은 그가 다시 일어나지 않는 것을 확인한 뒤에야 숲을 빠져나왔다.","Before sunset, the scouts scattered into the woods beyond the camp. They crouched behind the trees with their bows drawn and waited a long time. When a soldier strayed onto the wrong path, three or four arrows flew at once, and only after making sure he did not get up again did the scouts slip out of the woods.",파멸의 진영 선봉 잡병
1102,1,1,고블린 전사,Goblin Warrior,1,0,Demon,Goblin,physical,normal,line,warrior,7,12,3,5,3,4,5,war_bash,mace,weapon|armor|helmet,1,47,0.15,0.15,0.15,0.15,1,"전사들은 {m:1150}의 도끼가 땅을 긁는 소리를 들으며 그 뒤를 따랐다. 앞에서 비명이 들리면 그쪽으로 달려가, 누가 쓰러져 있든 가리지 않고 칼을 내리쳤다. 싸움이 끝난 뒤 쓰러진 자들 사이에 동족이 섞여 있어도, 그들은 아무렇지 않게 다음 비명을 찾아 걸어갔다.","The warriors followed behind {m:1150}, listening to his axe scrape the ground. When a scream rose ahead they ran toward it and brought their blades down on whoever lay there. Even when their own kin were among the fallen afterward, they simply walked on in search of the next scream.",무기를 든 정규 고블린 병사
1103,1,1,고블린 주술사,Goblin Shaman,1,1,Demon,Goblin,physical,normal,caster,priest,3,11,8,5,3,4,5,mon_summon_goblin,crucifix,weapon|armor|amulet,1,20,0.15,0.15,0.15,0.15,1,"주술사는 짐승 두개골을 머리에 뒤집어쓰고 시체 더미 사이를 천천히 걸었다. 쓰러진 고블린 앞에서 걸음을 멈추면 두개골 안쪽에서 낮은 웅얼거림이 새어 나왔다. 잠시 뒤, 목이 반쯤 꺾인 고블린이 칼을 주워 들고 다시 일어섰다.","The shaman walked slowly among the heaps of bodies, a beast's skull pulled over its head. Whenever it stopped before a fallen goblin, a low muttering leaked from inside the skull. A moment later, a goblin with its neck half broken picked up its blade and stood again.",짐승 두개골을 뒤집어쓴 고블린 주술사
1150,1,1,아바돈,Abaddon,1,0,Demon,Orc,physical,stage_boss,boss,warrior,10,7,3,10,3,15,5,war_doubleswing,axe,weapon|helmet|armor|gloves|boots|amulet|ring,3,63,0.15,0.15,0.15,0.15,1,"{m:1900|이/가} 하늘에서 떨어지던 밤, {m:1150|은/는} 주인의 곁에서 함께 떨어졌다. 불타는 들판에서 몸을 일으킨 {m:1900|이/가} 처음 한 말은 짧았다. “앞에 있는 것은 모두 부숴라.” {m:1150|은/는} 도끼를 쥐고 걸어 나갔다.\n그는 마을을 부순 뒤 성벽을 부쉈고, 성벽 너머에 서 있던 인간의 군대까지 부쉈다. 해가 수백 번 뜨고 지는 동안 그는 한 번도 뒤를 돌아보지 않았다. 어느 날 {m:1900|이/가} 멈추라고 외쳤을 때, {m:1150|은/는} 그 목소리가 누구의 것인지 알아듣지 못했다.\n지금도 그는 커다란 도끼를 땅에 끌며 전장의 맨 앞을 걷는다. 화살이 등에 꽂히고 무릎이 꺾이면, 그는 팔꿈치로 땅을 짚고 앞으로 기어간다.","The night {m:1900} fell from the sky, {m:1150} fell beside his master. Rising from the burning field, {m:1900} spoke only a few words: “Destroy all before you.” {m:1150} took up his axe and walked out.\nHe destroyed the village, then the walls, then the human army that stood beyond them. The sun rose and set hundreds of times, and he never once looked back. One day {m:1900} shouted for him to stop, and {m:1150} did not recognize whose voice it was.\nHe still walks at the front of the battlefield, dragging his great axe through the dirt. When arrows sink into his back and his knees give out, he props himself on his elbows and crawls forward.",파멸의 군주 — 무저갱의 왕
1201,1,2,인간 보병,Human Footman,1,0,Normal,Human,physical,normal,line,warrior,8,10,3,6,3,4,5,war_quake,mace,weapon|armor|helmet,1,49,0.16,0.16,0.16,0.16,1,보병들은 방패를 맞대고 한 줄로 섰다. 맞은편에서 달려오는 자들이 어느 나라의 깃발을 들었는지는 아무도 확인하지 않았다. 앞줄의 병사가 쓰러지면 뒷줄의 병사가 말없이 그 자리를 메웠다.,"The footmen locked shields and stood in a single line. No one checked whose flag the men charging from the other side carried. When a soldier in the front rank fell, the one behind him stepped into his place without a word.",검과 방패의 정규 병사
1202,1,2,인간 궁수,Human Archer,1,0,Normal,Human,physical,normal,ranged,archer,3,12,3,4,8,4,5,arc_rapid,bow,weapon|armor|gloves,1,35,0.16,0.16,0.16,0.16,1,"궁수들은 대열 뒤편 언덕에 자리를 잡고 화살을 쏘았다. 화살은 연기 너머로 사라졌고, 그 끝에서 누가 쓰러지는지는 보이지 않았다. 화살통이 비면 그들은 죽은 병사들의 몸에서 화살을 뽑아 다시 시위에 걸었다.","The archers took position on the hill behind the lines and loosed their arrows. The arrows vanished into the smoke, and no one could see who fell at the end of them. When their quivers ran empty, they pulled arrows from the bodies of the dead and nocked them again.",활을 든 원거리 병사
1203,1,2,인간 기사,Human Knight,1,0,Normal,Human,physical,normal,heavy,knight,14,5,3,16,3,4,5,kni_charge,sword2h,weapon|armor|helmet|gloves,1,74,0.16,0.16,0.16,0.16,1,"기사는 찌그러진 판금 갑옷을 입고 말 위에 앉아 있었다. 창끝에 매달려 있던 {m:1250}의 깃발은 오래전에 불타 없어졌다. 전장 저편에서 흙먼지가 일자, 기사는 빈 창대를 겨누고 그쪽으로 말을 몰았다.","The knight sat on his horse in dented plate armor. {m:1250}'s banner, which once hung from his lance, had burned away long ago. When dust rose on the far side of the field, the knight leveled the bare shaft and spurred his horse toward it.",판금 갑옷의 중장 기사
1250,1,2,레기온,Legion,1,0,Normal,Human,physical,stage_boss,boss,warrior,10,10,3,10,3,15,5,war_leap,axe,weapon|helmet|armor|gloves|boots|amulet|ring,2,65,0.16,0.16,0.16,0.16,1,"전쟁에서 밀리던 밤, 장군은 막사에 홀로 앉아 지도를 내려다보고 있었다. 촛불이 흔들리더니 등 뒤에서 낮은 목소리가 들렸다. “내 편에 서라. 네 병사들은 내가 지켜 주마.” 돌아보지 않아도 그것이 {m:1900}의 목소리라는 것을 장군은 알았다. 그는 천천히 고개를 끄덕였다.\n다음 날 아침, 장군의 병사들은 한 사람도 빠짐없이 전장에 쓰러져 있었다. 장군은 시체 사이를 걸으며 이름을 하나씩 불렀지만 대답하는 자는 없었다. 그날 밤, 그는 자기 입에서 자기 것이 아닌 목소리가 새어 나오는 것을 들었다.\n이제 장군이 입을 열면 죽은 병사들이 한꺼번에 떠든다. 그들은 천 개의 목소리로 장군의 이름을 부르며, 왜 자신들을 지키지 못했느냐고 묻는다.","On a night when the war was going badly, the general sat alone in his tent, staring down at the map. The candle flickered, and a low voice spoke behind him. “Stand with me, and I will keep your soldiers safe.” He did not need to turn around to know it was {m:1900}. Slowly, he nodded.\nThe next morning, every one of his soldiers lay dead on the field. The general walked among the bodies calling their names one by one, but no one answered. That night he heard a voice that was not his own slip out of his mouth.\nNow when the general opens his mouth, the dead soldiers all speak at once. In a thousand voices they call his name and ask why he could not protect them.",천의 목소리 — 천 개의 분노가 깃든 자
1301,1,3,스켈레톤 전사,Skeleton Warrior,1,1,Undead,Skeleton,physical,normal,line,warrior,9,10,3,9,3,4,5,mon_selfdestruct,mace,weapon|armor|helmet,1,50,0.18,0.18,0.18,0.18,1,"흙이 들썩이더니 녹슨 칼을 쥔 뼈 손이 무덤 위로 올라왔다. 해골 병사는 몸을 일으키자마자 가장 가까이 있는 산 자에게 걸어갔다. 칼이 부러지고 팔뼈가 떨어져 나가자, 그는 상대의 품으로 뛰어들어 산산이 부서졌고 흩어진 뼛조각이 주위의 병사들에게 박혔다.","The earth heaved, and a bony hand gripping a rusted sword rose from the grave. The moment the skeleton stood, it walked toward the nearest living thing. When its sword snapped and its arm fell away, it threw itself into its foe's arms and shattered, and the flying shards of bone lodged in the soldiers around it.",묘지에서 일어난 해골 병사
1302,1,3,스켈레톤 기사,Skeleton Knight,1,1,Undead,Skeleton,physical,normal,heavy,knight,11,11,3,13,3,4,5,kni_rush,sword2h,weapon|armor|helmet|gloves,2,76,0.18,0.18,0.18,0.18,1,"사슬 두건을 쓴 해골 기사가 무덤에서 일어났을 때, 그의 손에는 함께 묻혔던 검이 그대로 쥐여 있었다. 기사는 묘지 입구에 선 병사들을 보자 검을 앞으로 내민 채 달려들었다. 병사들이 창으로 그를 밀어냈지만, 기사는 창에 꿰인 채로도 한 걸음씩 다가왔다.","When the skeleton knight in its mail coif rose from the grave, the sword it had been buried with was still in its grip. Seeing the soldiers at the graveyard gate, it charged with the blade thrust forward. They drove it back with spears, but even skewered, the knight kept coming, one step at a time.",사슬 두건을 쓴 해골 기사
1303,1,3,스켈레톤 마법사,Skeleton Mage,1,1,Undead,Skeleton,cold,normal,caster,mage,3,12,8,7,3,4,5,mag_iceblast,orb,weapon|armor|amulet,1,22,0.07,0.25,0.18,0.18,1,"묘지 안쪽에서 푸른 등불 하나가 흔들리며 다가왔다. 등불을 든 것은 후드를 깊게 눌러쓴 해골이었고, 그가 지나간 자리마다 풀잎에 서리가 내려앉았다. 불타는 전장에서 몰려온 병사들은 그 앞에 서자 하얀 입김을 내뿜으며 떨었다.","Deep in the graveyard, a single blue lantern swayed closer. The one carrying it was a skeleton with its hood pulled low, and frost settled on the grass wherever it passed. Soldiers who had come from the burning battlefield stood before it trembling, their breath turning white.",등불을 든 후드 차림의 해골 마법사
1350,1,3,둘라한,Dullahan,1,0,Undead,Skeleton,physical,stage_boss,boss,warrior,10,10,3,10,3,15,5,war_shout,axe,weapon|helmet|armor|gloves|boots|amulet|ring,2,66,0.18,0.18,0.18,0.18,1,"{m:1900|이/가} 이 땅에 떨어지기 훨씬 전, 한 기사가 이 언덕에 묻혔다. 사람들은 그의 무덤에 이름을 새기고 꽃을 올려 두었고, 기사는 오랫동안 조용히 잠들어 있었다.\n전쟁이 시작되고 땅이 피에 젖자, 무덤 속의 기사가 눈을 떴다. 그는 흙을 헤치고 올라와 말뼈를 모아 해골 말을 세웠고, 묘비 옆에 굴러다니던 자신의 머리를 주워 한 손에 들었다. 묘비에 새겨진 이름은 비바람에 닳아 더는 읽을 수 없었다.\n그날부터 기사는 밤마다 해골 말을 타고 묘지를 돈다. 산 자를 만나면 칼을 뽑고, 누군가 그의 이름을 물으면 손에 든 머리가 입을 벌리지만 아무 소리도 나오지 않는다.","Long before {m:1900} fell to this land, a knight was buried on this hill. People carved his name on the grave and left flowers there, and for a long time the knight slept quietly.\nWhen the war began and the ground was soaked in blood, the knight in the grave opened his eyes. He clawed his way up through the earth, gathered horse bones into a skeletal steed, and picked up his own head from beside the gravestone to carry in one hand. The name carved on the stone had worn away in the wind and rain and could no longer be read.\nSince that day the knight has ridden the graveyard every night on his skeletal horse. When he meets the living he draws his sword, and when someone asks his name, the head in his hand opens its mouth, but no sound comes out.",머리 없는 전쟁귀
1401,1,4,화염 광신도,Flame Zealot,0,0,Demon,Imp,fire,normal,caster,mage,3,14,9,7,3,4,5,mag_fireball,orb,weapon|armor|amulet,1,24,0.26,0.07,0.19,0.19,1,임프는 화로 앞에 무릎을 꿇고 제 팔을 불길 속에 밀어 넣었다. 살이 타들어 가는 동안에도 그는 고개를 숙인 채 기도문을 외웠다. 불이 온몸으로 번지자 그는 웃으며 일어나 적진을 향해 달려갔다.,"The imp knelt before the furnace and pushed its own arm into the flames. Even as its flesh burned, it kept its head bowed and recited its prayers. When the fire had spread over its whole body, it rose laughing and ran toward the enemy.",분노를 신앙으로 받아들여 제 몸에 불을 붙인 임프
1402,1,4,임프 제사장,Imp Priest,1,0,Demon,Imp,fire,normal,caster,priest,3,14,9,7,3,4,5,pri_judgment,crucifix,weapon|armor|amulet,2,24,0.26,0.07,0.19,0.19,1,"제사장은 {m:1450}의 화로 옆, 높은 단 위에 서서 두루마리를 펼쳤다. 그가 이름 하나를 읽을 때마다 광신도들이 사람들 사이로 들어가 그 이름의 주인을 끌어냈다. 끌려 나온 자가 울며 옷자락에 매달려도 제사장은 다음 이름을 읽었다.","The priest stood on the high dais beside {m:1450}'s furnace and unrolled a scroll. Each time it read a name, the zealots moved through the crowd and dragged out the one who bore it. Even when the dragged one wept and clung to its robe, the priest read the next name.",누구를 화로에 넣을지 판결하는 몰록 교단의 사제
1403,1,4,청동 수호상,Bronze Guardian,0,0,Demon,Gargoyle,fire,normal,elite_line,knight,11,12,3,14,3,10,5,kni_duel,spear,weapon|armor|helmet|ring,3,53,0.26,0.07,0.19,0.19,1,"신전 문 양옆에는 {m:1450}의 우상과 같은 청동으로 떠낸 수호상이 서 있었다. 한 병사가 그 사이로 몰래 지나가려 하자 수호상의 목이 천천히 돌아갔다. 청동 손이 병사의 어깨를 붙잡았고, 병사가 칼로 아무리 내리쳐도 그 손은 풀리지 않았다.","On either side of the temple gate stood guardians cast from the same bronze as {m:1450}'s idol. When a soldier tried to slip between them, a guardian's head slowly turned. A bronze hand seized the soldier's shoulder, and no matter how hard he hacked at it with his sword, the grip did not loosen.",몰록의 우상과 같은 청동으로 떠낸 신전 문지기 — 누구도 지나가지 못한다
1450,1,4,몰록,Moloch,0,0,Demon,Gargoyle,fire,stage_boss,boss,mage,3,6,10,10,3,15,5,mag_inferno,staff,weapon|helmet|armor|gloves|boots|amulet|ring,3,67,0.26,0.07,0.19,0.19,1,"오래전, 사람들은 청동으로 만든 거대한 우상 앞에 아이들을 데려왔다. 우상의 배 속에서는 불이 타올랐고, 제사장이 이름을 부르면 청동 팔이 천천히 벌어졌다. 우상은 그렇게 바쳐진 아이들로 배를 채우며 긴 세월을 보냈다.\n{m:1900|이/가} 지옥에서 쫓겨나던 날, 우상의 청동 껍데기에 금이 갔다. 그 틈에서 불길에 휩싸인 것이 기어 나와 추락하는 {m:1900}의 뒤를 따랐다. 아무도 그것을 부르지 않았다.\n지금 그것은 {m:1900}에게 이르는 마지막 길목에 화로를 세우고 그 앞을 지킨다. 문 앞에 선 자가 누구든, {m:1450|은/는} 주인의 허락 없이는 한 걸음도 들이지 않는다.","Long ago, people brought their children before a great idol of bronze. A fire burned in its belly, and when the priest called a name, its bronze arms slowly opened. For long ages the idol filled itself with the children offered to it.\nOn the day {m:1900} was cast out of Hell, the idol's bronze shell cracked. Something wrapped in flame crawled out of the crack and followed {m:1900} as he fell. No one had called it.\nNow it has raised a furnace on the last road to {m:1900} and guards it. Whoever stands before the gate, {m:1450} lets no one take a single step further without his master's leave.",사탄의 문지기 — 아이를 태우던 청동 우상을 깨고 나온 불의 심복
1900,1,5,사탄,Satan,1,0,Demon,Gargoyle,fire,chapter_boss,boss,mage,3,6,10,10,3,15,5,mag_frozenwall,staff,weapon|helmet|armor|gloves|boots|amulet|ring,3,67,0.26,0.07,0.19,0.19,1,"지옥의 왕 바알에게는 곁에 두고 아끼는 자가 있었다. {m:1900|은/는} 그자가 바알의 옆자리에 앉는 것을 볼 때마다 이를 갈았다. 어느 날 밤, {m:1900|은/는} 그자를 불러내 등 뒤에서 칼을 꽂았다.\n바알은 그를 옥좌 앞에 끌고 와 무릎 꿇렸다. {m:1900|은/는} 고개를 들고 웃었다. “제가 그놈을 지키는 자였습니까?” 바알은 대답 대신 그를 지옥 밖으로 내던졌다.\n{m:1900|이/가} 떨어진 곳은 인간들의 들판이었다. 그가 땅에 닿은 자리에서 불길이 번졌고, 그 불은 지금까지 한 번도 꺼지지 않았다. 그 들판에서 사람들은 이유도 모른 채 서로를 죽였고, 죽은 자들은 다시 일어나 또 싸웠다.","Baal, King of Hell, kept one at his side whom he cherished. Every time {m:1900} saw that one take the seat beside Baal, he ground his teeth. One night {m:1900} called the favored one out and drove a blade into his back.\nBaal dragged him before the throne and forced him to his knees. {m:1900} raised his head and laughed. “Was I his keeper?” Instead of answering, Baal hurled him out of Hell.\nWhere {m:1900} fell was a field of men. Fire spread from the spot where he struck the ground, and that fire has never once gone out. On that field men killed one another without knowing why, and the dead rose again to fight once more.",분노의 왕 — 가장 먼저 추방된 자
2101,2,1,오크 전사,Orc Warrior,1,1,Demon,Orc,physical,normal,line,warrior,11,9,3,8,3,4,5,war_doubleswing,axe,weapon|armor|helmet,2,50,0.2,0.2,0.2,0.2,1,,,철투구를 쓴 오크 정규병
2102,2,1,오크 궁수,Orc Archer,1,1,Demon,Orc,physical,normal,ranged,archer,3,13,3,6,9,4,5,arc_guided,bow,weapon|armor|gloves,2,40,0.2,0.2,0.2,0.2,1,,,후드를 뒤집어쓴 오크 사수
2103,2,1,오크 주술사,Orc Shaman,1,1,Demon,Orc,poison,normal,caster,priest,3,11,10,7,3,4,5,pri_grace,crucifix,weapon|armor|amulet,2,26,0.2,0.2,0.08,0.28,1,,,짐승 두개골 관을 쓴 오크 주술사
2150,2,1,라합,Rahab,1,0,Demon,Orc,physical,stage_boss,boss,warrior,10,9,3,12,3,15,5,war_battleorders,mace,weapon|helmet|armor|gloves|boots|amulet|ring,3,69,0.2,0.2,0.2,0.2,1,,,잊힌 바다의 군주 — 레비아탄과 같이 불리던 이름
2201,2,2,도마뱀 사냥꾼,Lizardman Hunter,0,0,Normal,Lizardman,physical,normal,skirmish,archer,3,14,3,5,9,4,5,arc_poison,bow,weapon|armor|boots,1,42,0.22,0.22,0.22,0.22,1,,,남의 둥지를 노리는 독화살 사수
2202,2,2,도마뱀 저주사,Lizardman Curser,0,0,Normal,Lizardman,poison,normal,caster,priest,3,12,11,9,3,4,5,pri_bind,crucifix,weapon|armor|amulet,1,25,0.22,0.22,0.09,0.3,1,,,독 주술로 숨을 막는 무리의 주술사
2203,2,2,도마뱀 돌격병,Lizardman Charger,0,0,Normal,Lizardman,physical,normal,heavy,knight,12,10,3,15,3,4,5,kni_might,spear,weapon|armor|helmet|gloves,2,81,0.22,0.22,0.22,0.22,1,,,비대해진 몸으로 밀어붙이는 거대 도마뱀
2250,2,2,아비주,Abyzou,0,0,Normal,Lizardman,physical,stage_boss,boss,archer,3,11,3,10,10,15,5,arc_snipe,crossbow,weapon|helmet|armor|gloves|boots|amulet|ring,2,71,0.22,0.22,0.22,0.22,1,,,시기의 어머니 — 깨어나지 않는 알을 품는 자
2301,2,3,숲마을 시체,Villager Corpse,0,0,Undead,Zombie,physical,normal,line,warrior,10,5,3,14,3,4,5,war_quake,mace,weapon|armor|helmet,2,60,0.23,0.23,0.23,0.23,1,,,뿌리에 삼켜진 마을에서 흙을 헤집고 일어선 시체
2302,2,3,뿌리 시체,Root Corpse,0,0,Undead,Zombie,physical,normal,heavy,knight,11,4,3,18,3,4,5,kni_defiance,sword2h,weapon|armor|helmet|gloves,2,83,0.23,0.23,0.23,0.23,1,,,썩은 뿌리에 얽힌 거대 시체
2303,2,3,이끼에 얽힌 해골,Mossbound Skeleton,0,0,Undead,Skeleton,physical,normal,ranged,archer,3,11,3,7,10,4,5,arc_pierce,bow,weapon|armor|gloves,1,47,0.23,0.23,0.23,0.23,1,,,이끼에 덮인 채 활을 겨누는 해골
2350,2,3,밴시,Banshee,0,0,Undead,Ghost,cold,stage_boss,boss,mage,3,10,10,10,3,15,5,mag_frostnova,staff,weapon|helmet|armor|gloves|boots|amulet|ring,2,73,0.09,0.32,0.23,0.23,1,,,부패한 곡성 — 죽음을 예고하는 울음
2401,2,4,나가 전사,Naga Warrior,0,0,Demon,Naga,physical,normal,line,warrior,10,9,3,10,3,4,5,war_leap,axe,weapon|armor|helmet,2,55,0.24,0.24,0.24,0.24,1,,,레비아탄의 연못을 지키는 뱀족 병사
2402,2,4,나가 주술사,Naga Shaman,0,0,Demon,Naga,poison,normal,caster,priest,3,11,10,7,3,4,5,pri_penitence,bible,weapon|armor|amulet,2,26,0.24,0.24,0.1,0.33,1,,,적의 힘을 빼앗는 뱀족 주술사
2403,2,4,나가 마법사,Naga Mage,0,0,Demon,Naga,poison,normal,caster,mage,3,10,10,9,3,4,5,mag_focus,orb,weapon|armor|amulet,2,26,0.24,0.24,0.1,0.33,1,,,독 안개를 부리는 뱀족 마법사
2450,2,4,베파르,Vepar,0,0,Demon,Succubus,poison,stage_boss,boss,archer,3,11,3,10,10,15,5,arc_multishot,crossbow,weapon|helmet|armor|gloves|boots|amulet|ring,2,74,0.24,0.24,0.1,0.33,1,,,심연의 물을 다스리는 공작 — 상처를 썩게 하는 자
2900,2,5,레비아탄,Leviathan,1,0,Demon,Gargoyle,physical,chapter_boss,boss,warrior,10,5,3,10,3,15,5,war_bash,axe,weapon|helmet|armor|gloves|boots|amulet|ring,3,74,0.24,0.24,0.24,0.24,1,,,시기의 심연에서 올라온 괴물
3101,3,1,사막 도마뱀 약탈자,Desert Lizardman Raider,0,0,Normal,Lizardman,physical,normal,skirmish,archer,3,13,3,4,8,4,5,arc_pierce,bow,weapon|armor|boots,1,40,0.25,0.25,0.25,0.25,1,,,폐허의 보물 사냥꾼
3102,3,1,사막 도마뱀 주술사,Desert Lizardman Shaman,0,0,Normal,Lizardman,poison,normal,caster,priest,3,12,10,4,3,4,5,pri_haste,crucifix,weapon|armor|amulet,1,27,0.25,0.25,0.1,0.35,1,,,모래 마법 원거리
3103,3,1,사암 골렘,Sandstone Golem,0,0,Normal,Golem,physical,normal,heavy,knight,12,3,3,17,3,4,5,kni_charge,sword2h,weapon|armor|helmet|gloves,2,86,0.25,0.25,0.25,0.25,1,,,폐허에서 깨어난 거대 석상
3150,3,1,다곤,Dagon,0,0,Normal,Golem,physical,stage_boss,boss,warrior,10,2,3,10,3,15,5,war_quake,axe,weapon|helmet|armor|gloves|boots|amulet|ring,3,75,0.25,0.25,0.25,0.25,1,,,모래에 묻힌 신 — 반인반어 고대 신
3201,3,2,스켈레톤 전사,Skeleton Warrior,1,1,Undead,Skeleton,physical,normal,line,warrior,7,10,3,8,3,4,5,war_leap,mace,weapon|armor|helmet,1,58,0.27,0.27,0.27,0.27,1,,,묘지 수호 근접 전사
3202,3,2,스켈레톤 궁수,Skeleton Archer,1,1,Undead,Skeleton,physical,normal,ranged,archer,3,11,3,6,8,4,5,arc_snipe,bow,weapon|armor|gloves,1,47,0.27,0.27,0.27,0.27,1,,,지하묘지 함정 지킴이
3203,3,2,스켈레톤 기사,Skeleton Knight,1,1,Undead,Skeleton,physical,normal,elite_line,knight,13,9,3,15,3,10,5,kni_rush,spear,weapon|armor|helmet|ring,2,61,0.27,0.27,0.27,0.27,1,,,지하묘지를 지키는 스켈레톤 기사
3250,3,2,카론,Charon,0,0,Undead,Skeleton,physical,stage_boss,boss,warrior,10,10,3,10,3,15,5,war_taunt,axe,weapon|helmet|armor|gloves|boots|amulet|ring,2,77,0.27,0.27,0.27,0.27,1,,,탐욕의 뱃사공 — 대가 없이는 건너지 못한다
3301,3,3,황금 임프,Golden Imp,0,0,Demon,Imp,fire,normal,caster,mage,3,14,11,7,3,4,5,mag_focus,orb,weapon|armor|amulet,1,28,0.39,0.11,0.28,0.28,1,,,보물고의 마법 수비수
3302,3,3,고블린 약탈병,Goblin Looter,0,0,Demon,Goblin,physical,normal,skirmish,archer,3,14,3,8,8,4,5,arc_rapid,bow,weapon|armor|boots,1,42,0.28,0.28,0.28,0.28,1,,,잔꾀형 보물 약탈자
3303,3,3,고블린 금고지기,Goblin Vaultkeeper,0,0,Demon,Goblin,physical,normal,heavy,knight,11,11,3,14,3,4,5,kni_duel,spear,weapon|armor|helmet|gloves,2,90,0.28,0.28,0.28,0.28,1,,,황금 갑옷의 거대 고블린 대장
3350,3,3,메피스토펠레스,Mephistopheles,0,0,Demon,Gargoyle,physical,stage_boss,boss,warrior,10,5,3,10,3,15,5,war_shout,axe,weapon|helmet|armor|gloves|boots|amulet|ring,3,79,0.28,0.28,0.28,0.28,1,,,황금의 거래자 — 영혼 거래의 아이콘
3401,3,4,황금궁 임프,Palace Imp,0,0,Demon,Imp,fire,normal,caster,mage,3,14,11,7,3,4,5,mag_frozenwall,orb,weapon|armor|amulet,1,29,0.41,0.12,0.3,0.3,1,,,황금궁 회랑을 밝히는 임프 마법사
3402,3,4,금위 고블린,Gilded Guard Goblin,0,0,Demon,Goblin,physical,normal,line,warrior,8,12,3,9,3,4,5,war_battleorders,mace,weapon|armor|helmet,1,60,0.3,0.3,0.3,0.3,1,,,맘몬의 금고를 지키는 정규 위병
3403,3,4,고블린 근위대장,Goblin Guard Captain,0,0,Demon,Goblin,physical,normal,heavy,knight,11,11,3,13,3,4,5,kni_might,spear,weapon|armor|helmet|gloves,2,92,0.3,0.3,0.3,0.3,1,,,황금 근위대를 지휘하는 고블린
3450,3,4,플루토스,Plutus,0,0,Demon,Goblin,physical,stage_boss,boss,warrior,10,10,3,10,3,15,5,war_bash,mace,weapon|helmet|armor|gloves|boots|amulet|ring,2,80,0.3,0.3,0.3,0.3,1,,,탐욕자들의 원을 지키는 자 — 황금궁의 문을 막아선 늑대 악마
3900,3,5,맘몬,Mammon,0,0,Demon,Gargoyle,physical,chapter_boss,boss,warrior,10,5,3,10,3,15,5,war_leap,axe,weapon|helmet|armor|gloves|boots|amulet|ring,3,80,0.3,0.3,0.3,0.3,1,,,탐욕의 왕 — 황금 왕국의 지배자
4101,4,1,서리 원혼,Frost Wraith,0,0,Undead,Ghost,cold,normal,caster,mage,3,10,9,2,3,4,5,mag_iceblast,orb,weapon|armor|amulet,1,29,0.12,0.42,0.3,0.3,1,,,냉기 마법의 얼어붙은 영혼
4102,4,1,동결 곡성귀,Frozen Wailer,0,0,Undead,Ghost,cold,normal,caster,mage,3,10,9,2,3,4,5,mag_frostnova,orb,weapon|armor|amulet,1,29,0.12,0.42,0.3,0.3,1,,,빙결 저주 디버프형
4103,4,1,빙결 좀비,Frostbitten Zombie,0,0,Undead,Zombie,physical,normal,heavy,knight,11,4,3,18,3,4,5,kni_fanaticism,sword2h,weapon|armor|helmet|gloves,2,93,0.3,0.3,0.3,0.3,1,,,얼음에 묻혀있던 거대 시체
4150,4,1,유키온나,Yuki-onna,0,0,Undead,Ghost,cold,stage_boss,boss,mage,3,10,10,10,3,15,5,mag_focus,staff,weapon|helmet|armor|gloves|boots|amulet|ring,2,81,0.12,0.42,0.3,0.3,1,,,동토의 설녀 — 눈보라 속 유령 여인
4201,4,2,서리 고블린 병사,Frost Goblin Soldier,0,0,Demon,Goblin,physical,normal,line,warrior,8,12,3,9,3,4,5,war_quake,mace,weapon|armor|helmet,1,62,0.32,0.32,0.32,0.32,1,,,빙하 요새 경비병
4202,4,2,얼음 임프,Ice Imp,0,0,Demon,Imp,cold,normal,caster,mage,3,14,11,7,3,4,5,mag_frozenwall,orb,weapon|armor|amulet,1,30,0.13,0.44,0.32,0.32,1,,,냉기 마법 원거리
4203,4,2,고블린 빙하대장,Goblin Glacier Chief,0,0,Demon,Goblin,physical,normal,heavy,knight,11,11,3,13,3,4,5,kni_defiance,spear,weapon|armor|helmet|gloves,2,95,0.32,0.32,0.32,0.32,1,,,얼음 갑옷의 거대 고블린 대장
4250,4,2,아스타로스,Astaroth,0,0,Demon,Gargoyle,physical,stage_boss,boss,warrior,10,5,3,10,3,15,5,war_leap,axe,weapon|helmet|armor|gloves|boots|amulet|ring,2,83,0.32,0.32,0.32,0.32,1,,,빙하의 태공 — 게으름과 허영의 악마
4301,4,3,예티 척후,Yeti Scout,0,0,Normal,Yeti,physical,normal,skirmish,archer,3,10,3,7,9,4,5,arc_multishot,crossbow,weapon|armor|boots,2,45,0.33,0.33,0.33,0.33,1,,,설인 정찰병
4302,4,3,예티 투석병,Yeti Slinger,0,0,Normal,Yeti,physical,normal,ranged,archer,3,10,3,7,11,4,5,arc_guided,crossbow,weapon|armor|gloves,2,52,0.33,0.33,0.33,0.33,1,,,얼음 덩이를 던지는 원거리
4303,4,3,트롤 빙하거인,Troll Glacier Giant,0,0,Normal,Troll,physical,normal,heavy,knight,10,5,3,15,3,4,5,kni_smite,sword2h,weapon|armor|helmet|gloves,3,97,0.33,0.33,0.33,0.33,1,,,얼어붙은 피부의 거대 트롤
4350,4,3,파주주,Pazuzu,0,0,Normal,Troll,physical,stage_boss,boss,warrior,10,4,3,10,3,15,5,war_taunt,axe,weapon|helmet|armor|gloves|boots|amulet|ring,3,85,0.33,0.33,0.33,0.33,1,,,얼어붙은 바람왕 — 동토에 영원히 얼어붙은 자
4401,4,4,동결 임프,Frozen Imp,0,0,Demon,Imp,cold,normal,caster,mage,3,14,11,7,3,4,5,mag_iceblast,orb,weapon|armor|amulet,1,31,0.14,0.49,0.35,0.35,1,,,동결왕좌의 냉기를 관리하는 임프
4402,4,4,왕좌 고블린 위병,Throne Goblin Sentry,0,0,Demon,Goblin,physical,normal,line,warrior,8,12,3,9,3,4,5,war_shout,mace,weapon|armor|helmet,1,65,0.35,0.35,0.35,0.35,1,,,벨페고르의 옥좌를 지키는 위병
4403,4,4,고블린 동결기사,Goblin Frost Knight,0,0,Demon,Goblin,physical,normal,heavy,knight,11,11,3,13,3,4,5,kni_charge,spear,weapon|armor|helmet|gloves,2,99,0.35,0.35,0.35,0.35,1,,,서리 갑주를 두른 고블린 기사
4450,4,4,힙노스,Hypnos,0,0,Demon,Imp,cold,stage_boss,boss,mage,3,11,10,10,3,15,5,mag_frostnova,orb,weapon|helmet|armor|gloves|boots|amulet|ring,2,87,0.14,0.49,0.35,0.35,1,,,잠의 신 — 깨어 있는 자를 끝나지 않는 잠에 빠뜨린다
4900,4,5,벨페고르,Belphegor,0,0,Demon,Gargoyle,cold,chapter_boss,boss,mage,3,6,10,10,3,15,5,mag_frozenwall,staff,weapon|helmet|armor|gloves|boots|amulet|ring,3,87,0.14,0.49,0.35,0.35,1,,,나태의 왕 — 모든 것이 멈추기를 원하는 자
5101,5,1,부식 좀비,Corroded Zombie,0,0,Undead,Zombie,physical,normal,line,warrior,5,5,3,13,3,4,5,war_battleorders,axe,weapon|armor|helmet,2,66,0.35,0.35,0.35,0.35,1,,,삼켜진 시체가 움직이는 형태
5102,5,1,리치 수행자,Lich Acolyte,0,0,Undead,Lich,poison,normal,caster,priest,3,10,11,4,3,4,5,pri_regen,bible,weapon|armor|amulet,2,31,0.35,0.35,0.14,0.5,1,,,심연의 마법을 다루는 하급 리치
5103,5,1,부식 리치,Corroded Lich,0,0,Undead,Lich,poison,normal,elite_line,knight,13,8,3,11,3,10,5,kni_rush,sword2h,weapon|armor|helmet|ring,2,69,0.35,0.35,0.14,0.5,1,,,부식 마법을 다루는 상급 리치
5150,5,1,오르쿠스,Orcus,0,0,Undead,Lich,poison,stage_boss,boss,archer,3,8,3,10,10,15,5,arc_multishot,crossbow,weapon|helmet|armor|gloves|boots|amulet|ring,3,88,0.35,0.35,0.14,0.5,1,,,탐식의 문지기 — 저승을 관장하는 죽음의 군주
5201,5,2,동굴 예티,Cave Yeti,0,0,Normal,Yeti,physical,normal,line,warrior,11,8,3,6,3,4,5,war_bash,axe,weapon|armor|helmet,2,67,0.37,0.37,0.37,0.37,1,,,동굴에 서식하는 예티
5202,5,2,바위 골렘,Rock Golem,0,0,Normal,Golem,physical,normal,line,warrior,8,4,3,9,3,4,5,war_doubleswing,axe,weapon|armor|helmet,2,67,0.37,0.37,0.37,0.37,1,,,살아있는 미로의 돌 파수꾼
5203,5,2,거대 골렘,Giant Golem,0,0,Normal,Golem,physical,normal,heavy,knight,10,3,3,13,3,4,5,kni_duel,sword2h,weapon|armor|helmet|gloves,3,102,0.37,0.37,0.37,0.37,1,,,심연의 핵심을 지키는 고대 골렘
5250,5,2,탈로스,Talos,0,0,Normal,Golem,physical,stage_boss,boss,warrior,10,2,3,10,3,15,5,war_quake,axe,weapon|helmet|armor|gloves|boots|amulet|ring,3,89,0.37,0.37,0.37,0.37,1,,,맥동하는 미로의 수호자 — 쉬지 않고 도는 청동 거인
5301,5,3,가고일 주술사,Gargoyle Shaman,0,0,Demon,Gargoyle,lightning,normal,caster,priest,3,9,8,6,3,4,5,pri_penitence,bible,weapon|armor|amulet,2,32,0.38,0.38,0.54,0.15,1,,,심연 입구에서 저주를 뱉는 석상
5302,5,3,오크 포식자,Orc Devourer,0,0,Demon,Orc,physical,normal,heavy,knight,12,7,3,10,3,4,5,kni_might,sword2h,weapon|armor|helmet|gloves,2,104,0.38,0.38,0.38,0.38,1,,,모든 것을 탐하는 오크
5303,5,3,악마 가고일,Demon Gargoyle,0,0,Demon,Gargoyle,physical,normal,elite_line,knight,10,7,3,13,3,10,5,kni_fanaticism,sword2h,weapon|armor|helmet|ring,3,72,0.38,0.38,0.38,0.38,1,,,심연의 최심부 가고일
5350,5,3,베히모스,Behemoth,0,0,Demon,Gargoyle,physical,stage_boss,boss,warrior,10,5,3,10,3,15,5,war_leap,axe,weapon|helmet|armor|gloves|boots|amulet|ring,3,91,0.38,0.38,0.38,0.38,1,,,소화의 심연 지배자 — 삼키기를 멈추지 않는 대식의 짐승
5401,5,4,연회장 가고일,Banquet Gargoyle,0,0,Demon,Gargoyle,physical,normal,line,warrior,8,7,3,9,3,4,5,war_taunt,axe,weapon|armor|helmet,2,70,0.4,0.4,0.4,0.4,1,,,연회장 기둥에 붙은 석상 파수꾼
5402,5,4,오크 대식가,Orc Glutton,0,0,Demon,Orc,physical,normal,line,warrior,11,9,3,8,3,4,5,war_shout,axe,weapon|armor|helmet,2,70,0.4,0.4,0.4,0.4,1,,,연회에 참석한 오크 폭식자
5403,5,4,대가고일 집사,Grand Gargoyle Butler,0,0,Demon,Gargoyle,physical,normal,heavy,knight,10,6,3,13,3,4,5,kni_defiance,sword2h,weapon|armor|helmet|gloves,3,106,0.4,0.4,0.4,0.4,1,,,연회를 준비하는 거대 가고일
5450,5,4,케르베로스,Cerberus,0,0,Demon,Gargoyle,physical,stage_boss,boss,warrior,10,5,3,10,3,15,5,war_battleorders,axe,weapon|helmet|armor|gloves|boots|amulet|ring,3,93,0.4,0.4,0.4,0.4,1,,,탐식자들의 원을 지키는 세 머리 개 — 연회의 문지기
5900,5,5,바알제붑,Beelzebub,0,0,Demon,Gargoyle,physical,chapter_boss,boss,warrior,10,5,3,10,3,15,5,war_bash,axe,weapon|helmet|armor|gloves|boots|amulet|ring,3,93,0.4,0.4,0.4,0.4,1,,,폭식의 왕 — 모든 것을 삼키는 심연의 군주
6101,6,1,서큐버스 유혹자,Succubus Seductress,0,0,Demon,Succubus,fire,normal,caster,mage,3,10,10,9,3,4,5,mag_frozenwall,orb,weapon|armor|amulet,2,34,0.58,0.16,0.41,0.41,1,,,타락한 정원의 유혹 마녀
6102,6,1,화염 임프,Flame Imp,0,0,Demon,Imp,fire,normal,caster,mage,3,14,9,6,3,4,5,mag_fireball,orb,weapon|armor|amulet,1,34,0.58,0.16,0.41,0.41,1,,,정원을 지키는 임프 마법사
6103,6,1,대임프 사제,Grand Imp Priest,0,0,Demon,Imp,fire,normal,elite_line,priest,3,12,11,13,3,10,5,pri_bind,crucifix,weapon|armor|helmet|ring,2,74,0.58,0.16,0.41,0.41,1,,,타락 의식을 집행하는 사제
6150,6,1,릴리스,Lilith,0,0,Demon,Succubus,fire,stage_boss,boss,mage,3,10,10,10,3,15,5,mag_inferno,staff,weapon|helmet|armor|gloves|boots|amulet|ring,2,94,0.58,0.16,0.41,0.41,1,,,부패한 정원의 지배자 — 최초의 유혹
6201,6,2,뱀파이어 후작,Vampire Marquis,0,0,Undead,Vampire,physical,normal,line,warrior,9,10,3,10,3,4,5,war_doubleswing,mace,weapon|armor|helmet,2,72,0.42,0.42,0.42,0.42,1,,,회랑을 떠도는 흡혈 귀족
6202,6,2,유혹의 유령,Ghost of Temptation,0,0,Undead,Ghost,cold,normal,caster,mage,3,10,8,3,3,4,5,mag_focus,orb,weapon|armor|amulet,1,34,0.17,0.59,0.42,0.42,1,,,유혹의 속삭임으로 현혹하는 유령
6203,6,2,뱀파이어 백작,Vampire Count,0,0,Undead,Vampire,physical,normal,elite_line,knight,13,9,3,15,3,10,5,kni_smite,spear,weapon|armor|helmet|ring,3,75,0.42,0.42,0.42,0.42,1,,,회랑의 지배자 흡혈 백작
6250,6,2,카밀라,Carmilla,0,0,Undead,Vampire,physical,stage_boss,boss,warrior,10,10,3,10,3,15,5,war_quake,axe,weapon|helmet|armor|gloves|boots|amulet|ring,3,95,0.42,0.42,0.42,0.42,1,,,유혹의 회랑 주인 — 손님을 놓아주지 않는 여백작
6301,6,3,도마뱀 근위병,Lizardman Guard,0,0,Normal,Lizardman,physical,normal,line,warrior,7,11,3,5,3,4,5,war_leap,mace,weapon|armor|helmet,2,73,0.43,0.43,0.43,0.43,1,,,왕좌를 지키는 근위 전사
6302,6,3,트롤 집행자,Troll Executioner,0,0,Normal,Troll,physical,normal,heavy,knight,12,5,3,14,3,4,5,kni_charge,sword2h,weapon|armor|helmet|gloves,2,111,0.43,0.43,0.43,0.43,1,,,욕망의 왕좌 집행관
6303,6,3,도마뱀 대장,Lizardman Captain,0,0,Normal,Lizardman,physical,normal,elite_line,knight,10,10,3,10,3,10,5,kni_rush,spear,weapon|armor|helmet|ring,2,76,0.43,0.43,0.43,0.43,1,,,근위대 대장
6350,6,3,그렌델,Grendel,0,0,Normal,Troll,physical,stage_boss,boss,warrior,10,4,3,10,3,15,5,war_taunt,axe,weapon|helmet|armor|gloves|boots|amulet|ring,3,97,0.43,0.43,0.43,0.43,1,,,욕망의 왕좌 수호자 — 연회를 시기해 찾아오는 괴물
6401,6,4,침실의 서큐버스,Chamber Succubus,0,0,Demon,Succubus,poison,normal,caster,archer,3,11,3,9,10,4,5,arc_guided,bow,weapon|armor|amulet,2,35,0.45,0.45,0.18,0.63,1,,,아스모데우스의 침실을 지키는 유혹마
6402,6,4,시종 임프,Attendant Imp,0,0,Demon,Imp,poison,normal,caster,archer,3,14,3,5,9,4,5,arc_pierce,bow,weapon|armor|amulet,1,35,0.45,0.45,0.18,0.63,1,,,침실 시중을 드는 임프
6403,6,4,대서큐버스 시녀장,Grand Succubus Matron,0,0,Demon,Succubus,poison,normal,heavy,priest,3,11,11,14,3,4,5,pri_judgment,bible,weapon|armor|helmet|gloves,2,113,0.45,0.45,0.18,0.63,1,,,침실 시녀들을 이끄는 대서큐버스
6450,6,4,나아마,Naamah,0,0,Demon,Succubus,poison,stage_boss,boss,archer,3,11,3,10,10,15,5,arc_poison,crossbow,weapon|helmet|armor|gloves|boots|amulet|ring,2,99,0.45,0.45,0.18,0.63,1,,,유혹의 여왕 — 아스모데우스의 짝
6900,6,5,아스모데우스,Asmodeus,0,0,Demon,Gargoyle,poison,chapter_boss,boss,archer,3,7,3,10,10,15,5,arc_multishot,crossbow,weapon|helmet|armor|gloves|boots|amulet|ring,3,99,0.45,0.45,0.18,0.63,1,,,색욕의 왕 — 욕망에 잠식된 궁전의 지배자
7101,7,1,가고일 천상병,Gargoyle Celestial,0,0,Demon,Gargoyle,physical,normal,line,warrior,7,7,3,7,3,4,5,war_shout,axe,weapon|armor|helmet,2,75,0.46,0.46,0.46,0.46,1,,,천상의 계단을 지키는 가고일
7102,7,1,오크 성기사,Orc Paladin,0,0,Demon,Orc,physical,normal,heavy,knight,12,7,3,10,3,4,5,kni_duel,sword2h,weapon|armor|helmet|gloves,2,115,0.46,0.46,0.46,0.46,1,,,타락한 성기사 오크
7103,7,1,가고일 대장,Gargoyle Captain,0,0,Demon,Gargoyle,physical,normal,elite_line,knight,11,7,3,12,3,10,5,kni_might,sword2h,weapon|armor|helmet|ring,3,79,0.46,0.46,0.46,0.46,1,,,가고일 부대 지휘관
7150,7,1,아자젤,Azazel,0,0,Demon,Gargoyle,physical,stage_boss,boss,warrior,10,5,3,10,3,15,5,war_battleorders,axe,weapon|helmet|armor|gloves|boots|amulet|ring,3,101,0.46,0.46,0.46,0.46,1,,,천상의 계단 수호자 — 하늘에서 쫓겨난 타락천사
7201,7,2,신전 골렘,Temple Golem,0,0,Normal,Golem,physical,normal,line,warrior,8,4,3,9,3,4,5,war_bash,axe,weapon|armor|helmet,2,76,0.47,0.47,0.47,0.47,1,,,무너진 신전의 석상 파수꾼
7202,7,2,예티 순례자,Yeti Pilgrim,0,0,Normal,Yeti,physical,normal,line,warrior,11,8,3,6,3,4,5,war_doubleswing,axe,weapon|armor|helmet,2,76,0.47,0.47,0.47,0.47,1,,,신전을 떠도는 설인
7203,7,2,고대 골렘,Ancient Golem,0,0,Normal,Golem,physical,normal,elite_line,knight,11,4,3,14,3,10,5,kni_fanaticism,sword2h,weapon|armor|helmet|ring,3,80,0.47,0.47,0.47,0.47,1,,,신성한 힘이 오염된 고대 골렘
7250,7,2,골리앗,Goliath,0,0,Normal,Golem,physical,stage_boss,boss,warrior,10,2,3,10,3,15,5,war_quake,axe,weapon|helmet|armor|gloves|boots|amulet|ring,3,102,0.47,0.47,0.47,0.47,1,,,무너진 신전의 수호자 — 제 키를 믿었던 거인
7301,7,3,리치 왕,Lich King,0,0,Undead,Lich,lightning,normal,caster,mage,3,10,9,4,3,4,5,mag_frozenwall,staff,weapon|armor|amulet,2,37,0.49,0.49,0.68,0.19,1,,,언데드 군단의 리치 왕
7302,7,3,뱀파이어 공작,Vampire Duke,0,0,Undead,Vampire,physical,normal,elite_line,knight,9,9,3,13,3,10,5,kni_defiance,spear,weapon|armor|helmet|ring,2,81,0.49,0.49,0.49,0.49,1,,,왕좌를 노리는 흡혈 공작
7303,7,3,대리치,Archlich,0,0,Undead,Lich,lightning,normal,elite_line,knight,12,8,3,11,3,10,5,kni_smite,sword2h,weapon|armor|helmet|ring,3,81,0.49,0.49,0.68,0.19,1,,,오만의 마법을 다루는 대리치
7350,7,3,아스클레피오스,Asclepius,0,0,Undead,Lich,lightning,stage_boss,boss,mage,3,7,10,10,3,15,5,mag_lightning,staff,weapon|helmet|armor|gloves|boots|amulet|ring,3,103,0.49,0.49,0.68,0.19,1,,,오만의 왕좌 수호자 — 죽은 자를 되살려 신의 노여움을 산 자
7401,7,4,옥좌의 주문석상,Throne Spellstone,0,0,Demon,Gargoyle,lightning,normal,caster,mage,3,9,9,8,3,4,5,mag_chain,staff,weapon|armor|amulet,2,38,0.5,0.5,0.7,0.2,1,,,빈 옥좌에 새겨진 주문을 읊는 석상
7402,7,4,타락 오크 근위,Fallen Orc Guard,0,0,Demon,Orc,physical,normal,line,warrior,11,9,3,8,3,4,5,war_leap,axe,weapon|armor|helmet,2,79,0.5,0.5,0.5,0.5,1,,,루시퍼를 따랐던 근위 오크
7403,7,4,대가고일 옥좌지기,Grand Gargoyle Thronekeeper,0,0,Demon,Gargoyle,physical,normal,heavy,knight,10,6,3,13,3,4,5,kni_charge,sword2h,weapon|armor|helmet|gloves,3,120,0.5,0.5,0.5,0.5,1,,,옥좌를 떠나지 못하는 거대 석상
7450,7,4,벨리알,Belial,0,0,Demon,Gargoyle,lightning,stage_boss,boss,mage,3,6,10,10,3,15,5,mag_focus,staff,weapon|helmet|armor|gloves|boots|amulet|ring,3,105,0.5,0.5,0.7,0.2,1,,,루시퍼 다음으로 창조된 자 — 빈 옥좌 곁을 떠나지 않는다
7900,7,5,루시퍼,Lucifer,0,0,Demon,Gargoyle,lightning,chapter_boss,boss,mage,3,6,10,10,3,15,5,mag_frozenwall,staff,weapon|helmet|armor|gloves|boots|amulet|ring,3,105,0.5,0.5,0.7,0.2,1,,,오만의 왕 — 스스로를 신이라 칭하다 추락한 자
