skill_id,seq,effect,target,hits,mult_pct,decay_pct,proc_chance_pct,proc_mult_pct,element,status,scale1_field,scale1_attr,scale1_coef,scale2_field,scale2_attr,scale2_coef,scale3_field,scale3_attr,scale3_coef,level_field,level_step,note
war_bash,1,hit,-,1,3,0,0,0,-,-,mult_pct,str,0,-,-,0,-,-,0,mult_pct,0.3,-
war_doubleswing,1,hit,-,2,1.1,0,0,0,-,-,mult_pct,str,0,-,-,0,-,-,0,mult_pct,0.11,-
war_quake,1,hit,-,1,1.2,0,0,0,-,-,mult_pct,str,0,-,-,0,-,-,0,mult_pct,0.12,-
war_leap,1,hit,-,1,1.1,0,0,0,-,-,mult_pct,str,0,-,-,0,-,-,0,mult_pct,0.11,-
war_taunt,1,apply,-,0,0,0,0,0,-,war_taunt,duration_sec,cha,0,-,-,0,-,-,0,duration_sec,0.6,-
war_shout,1,apply,-,0,0,0,0,0,-,war_shout,effect_value,ldr,0,duration_sec,vit,0,-,-,0,effect_value,0.025,-
war_battleorders,1,apply,-,0,0,0,0,0,-,war_battleorders,effect_value,ldr,0,duration_sec,vit,0,-,-,0,effect_value,0.02,-
war_ironskin,1,apply,-,0,0,0,0,0,-,war_ironskin,effect_value,vit,0,duration_sec,vit,0,-,-,0,effect_value,0.04,-
kni_smite,1,hit,-,1,3,0,0,0,-,-,mult_pct,str,0,-,-,0,-,-,0,mult_pct,0.3,-
kni_holyshield,1,apply,-,0,0,0,0,0,-,kni_holyshield,effect_value,vit,0,duration_sec,vit,0,-,-,0,effect_value,0.025,-
kni_charge,1,hit,-,1,2.2,0,0.1,2,-,-,mult_pct,str,0,proc_chance_pct,luck,0,-,-,0,mult_pct,0.22,-
kni_rush,1,hit,-,4,0.6,0,0,0,-,-,mult_pct,str,0,hits,agi,0,-,-,0,hits,0.4,-
kni_duel,1,apply,-,0,0,0,0,0,-,kni_duel,effect_value,vit,0,-,-,0,-,-,0,-,-,-
kni_duel,2,apply,self,0,0,0,0,0,-,kni_duel_guard,effect_value,vit,0,-,-,0,-,-,0,effect_value,0.02,결투 둘째 줄 — 시전자 자신이 받는 피해 감소(첫 줄 지목과 같은 until · 라운드가 끝나면 닫힌다 = 걸린 효과 round_end close) · 2026-09-24 R151 castBuff 의 결투 분기를 데이터로 옮겼다 · 능력치 계수는 첫 줄과 같게 둔다(지목 행의 값은 이벤트 v · 설명창이 읽는다)
kni_enchant,1,apply,-,0,0,0,0,0,-,kni_enchant,effect_value,int,0,duration_sec,vit,0,-,-,0,effect_value,0.06,-
kni_might,1,apply,-,0,0,0,0,0,-,kni_might,effect_value,ldr,0,-,-,0,-,-,0,effect_value,0.015,-
kni_fanaticism,1,apply,-,0,0,0,0,0,-,kni_fanaticism,effect_value,ldr,0,-,-,0,-,-,0,effect_value,0.012,-
kni_defiance,1,apply,-,0,0,0,0,0,-,kni_defiance,effect_value,ldr,0,-,-,0,-,-,0,effect_value,0.01,-
arc_snipe,1,hit,-,1,3,0,0,0,-,-,mult_pct,str,0,-,-,0,-,-,0,mult_pct,0.3,-
arc_rapid,1,hit,-,3,0.55,0,0,0,-,-,mult_pct,str,0,hits,agi,0,-,-,0,hits,0.3,-
arc_multishot,1,hit,-,1,1.2,0.4,0,0,-,-,mult_pct,str,0,decay_pct,agi,0,-,-,0,mult_pct,0.12,-
arc_guided,1,hit,-,1,2.7,0.15,0,0,-,-,mult_pct,str,0,decay_pct,agi,0,-,-,0,decay_pct,0.015,-
arc_pierce,1,apply,-,0,0,0,0,0,-,arc_pierce,effect_value,agi,0,duration_sec,vit,0,-,-,0,effect_value,0.07,-
arc_poison,1,apply,-,0,0,0,0,0,-,arc_poison,effect_value,int,0,duration_sec,vit,0,-,-,0,effect_value,0.05,-
mag_fireball,1,hit,-,1,3.1,0,0,0,fire,-,mult_pct,int,0,-,-,0,-,-,0,mult_pct,0.31,-
mag_inferno,1,hit,-,1,1.3,0,0,0,fire,-,mult_pct,int,0,-,-,0,-,-,0,mult_pct,0.13,-
mag_iceblast,1,hit,-,1,1.8,0,0,0,cold,freeze,mult_pct,int,0,duration_sec,cha,0,-,-,0,mult_pct,0.18,-
mag_frostnova,1,hit,-,1,1.15,0,0,0,cold,freeze,mult_pct,int,0,duration_sec,cha,0,-,-,0,mult_pct,0.115,-
mag_lightning,1,hit,-,1,2.2,0,0.1,2,lightning,-,mult_pct,int,0,proc_mult_pct,luck,0,-,-,0,mult_pct,0.22,-
mag_chain,1,hit,-,1,1.3,0.3,0.1,2,lightning,-,mult_pct,int,0,decay_pct,agi,0,proc_mult_pct,luck,0,decay_pct,-0.03,-
mag_focus,1,apply,-,0,0,0,0,0,-,mag_focus,effect_value,int,0,duration_sec,vit,0,-,-,0,effect_value,0.02,-
mag_frozenwall,1,summon,-,0,0.8,0,0,0,-,-,mult_pct,int,0,-,-,0,-,-,0,mult_pct,0.08,-
pri_judgment,1,hit,-,1,0.88,0,0,0,fixed,-,mult_pct,int,0,-,-,0,-,-,0,mult_pct,0.088,고정 피해 — 방어 · 저항 · 피해 감소를 안 받는다 · 배율 · 레벨당 ×0.4 (2.2 · 0.22 → 10-06 사용자 「데미지를 낮춰서」 · R221)
pri_heal,1,heal,-,0,1.6,0,0,0,-,-,mult_pct,cha,0,-,-,0,-,-,0,mult_pct,0.16,-
pri_grace,1,apply,-,0,0,0,0,0,-,pri_grace,effect_value,ldr,0,duration_sec,vit,0,-,-,0,effect_value,0.025,-
pri_haste,1,apply,-,0,0,0,0,0,-,pri_haste,effect_value,ldr,0,duration_sec,vit,0,-,-,0,effect_value,0.02,-
pri_cure,1,heal,-,0,2.2,0,0,0,-,-,mult_pct,cha,0,-,-,0,-,-,0,mult_pct,0.22,-
pri_regen,1,apply,-,0,0,0,0,0,-,pri_regen,effect_value,ldr,0,duration_sec,vit,0,-,-,0,effect_value,0.06,-
pri_penitence,1,apply,-,0,0,0,0,0,-,pri_penitence,effect_value,cha,0,-,-,0,-,-,0,effect_value,0.025,-
pri_bind,1,apply,-,0,0,0,0,0,-,pri_bind,effect_value,cha,0,-,-,0,-,-,0,effect_value,0.02,-
mon_summon_goblin,1,call,-,0,0,0,0,0,-,-,-,-,0,-,-,0,-,-,0,-,-,-
mon_selfdestruct,1,fixed,-,1,0.3,0,0,0,-,-,-,-,0,-,-,0,-,-,0,-,-,-
war_ragnarok,1,apply,-,0,0,0,0,0,-,war_ragnarok,effect_value,str,0,duration_sec,vit,0,-,-,0,duration_sec,1,-
war_berserk,1,apply,-,0,0,0,0,0,-,war_berserk,effect_value,str,0,duration_sec,vit,0,-,-,0,duration_sec,0.8,-
war_mutualruin,1,hit,-,1,4.2,0,0,0,-,-,mult_pct,str,0,-,-,0,-,-,0,mult_pct,0.42,-
war_whirlwind,1,hit,-,5,0.5,0,0,0,-,-,mult_pct,str,0,-,-,0,-,-,0,mult_pct,0.05,-
war_thorswrath,1,hit,-,1,4.2,0,0,0,-,-,mult_pct,str,0,-,-,0,-,-,0,cool_sec,-2.2,-
war_shockwave,1,hit,-,1,1.5,0,0,0,-,-,mult_pct,str,0,-,-,0,-,-,0,mult_pct,0.15,-
war_lionsroar,1,hit,-,1,1.3,0,0,0,-,-,mult_pct,str,0,-,-,0,-,-,0,mult_pct,0.13,-
war_command,1,apply,-,0,0,0,0,0,-,war_command,effect_value,ldr,0,duration_sec,vit,0,-,-,0,duration_sec,1,-
war_intimidate,1,apply,-,0,0,0,0,0,-,war_intimidate,effect_value,cha,0,duration_sec,vit,0,-,-,0,duration_sec,1,-
kni_lastbastion,1,apply,-,0,0,0,0,0,-,kni_lastbastion,effect_value,vit,0,duration_sec,vit,0,-,-,0,duration_sec,1,-
kni_unbreakablewill,1,apply,-,0,0,0,0,0,-,kni_unbreakablewill,effect_value,vit,0,duration_sec,vit,0,-,-,0,duration_sec,1,-
kni_divinejudgment,1,apply,-,0,0,0,0,0,-,kni_divinejudgment,effect_value,vit,0,duration_sec,vit,0,-,-,0,effect_value,0.04,⚠ 레벨 = 반사 % — 지금 효과 줄이 배리어 근사라 그 값을 민다
kni_unyieldingoath,1,apply,-,0,0,0,0,0,-,kni_unyieldingoath,effect_value,vit,0,duration_sec,vit,0,-,-,0,duration_sec,0.8,-
kni_holywar,1,apply,-,0,0,0,0,0,-,kni_holywar,effect_value,vit,0,duration_sec,vit,0,-,-,0,effect_value,0.03,-
kni_vow,1,apply,-,0,0,0,0,0,-,kni_vow,effect_value,ldr,0,duration_sec,vit,0,-,-,0,effect_value,0.02,-
kni_retribution,1,apply,-,0,0,0,0,0,-,kni_retribution,effect_value,str,0,duration_sec,vit,0,-,-,0,duration_sec,1,-
kni_condemnation,1,hit,-,1,4.0,0,0,0,-,-,mult_pct,str,0,-,-,0,-,-,0,mult_pct,0.4,-
kni_showdown,1,apply,-,0,0,0,0,0,-,kni_showdown,effect_value,str,0,duration_sec,vit,0,-,-,0,duration_sec,1,-
mag_meteor,1,hit,-,1,4.2,0,0,0,fire,-,mult_pct,int,0,-,-,0,-,-,0,mult_pct,0.42,-
mag_firewall,1,hit,-,1,1.5,0,0,0,fire,-,mult_pct,int,0,-,-,0,-,-,0,mult_pct,0.15,⚠ 레벨 = 지속 시간 — 지금 효과 줄이 한 번 타격 근사라 배율을 민다
mag_hydra,1,hit,-,3,1.0,0,0,0,fire,-,mult_pct,int,0,-,-,0,-,-,0,hits,0.3,⚠ 레벨 = 지속 시간 — 지금 효과 줄이 타수 근사라 타수를 민다
mag_frozenorb,1,hit,-,1,3.2,0,0,0,cold,-,mult_pct,int,0,-,-,0,-,-,0,mult_pct,0.32,-
mag_blizzard,1,hit,-,1,1.45,0,0,0,cold,-,mult_pct,int,0,-,-,0,-,-,0,mult_pct,0.145,⚠ 레벨 = 지속 시간 — 지금 효과 줄이 한 번 타격 근사라 배율을 민다
mag_frostburst,1,hit,-,1,2.0,0,0.2,2.2,cold,-,mult_pct,int,0,proc_mult_pct,luck,0,-,-,0,mult_pct,0.2,-
mag_thunderstrike,1,hit,-,1,2.6,0,0.15,2.5,lightning,-,mult_pct,int,0,proc_mult_pct,luck,0,-,-,0,mult_pct,0.26,-
mag_nova,1,hit,-,1,0.7,0,0,0,lightning,-,mult_pct,int,0,-,-,0,-,-,0,cool_sec,-0.7,-
mag_staticfield,1,hit,-,1,3.0,0,0,0,lightning,-,mult_pct,int,0,-,-,0,-,-,0,-,-,-
arc_trueaim,1,apply,-,0,0,0,0,0,-,arc_trueaim,effect_value,agi,0,duration_sec,vit,0,-,-,0,effect_value,0.04,-
arc_singlestrike,1,hit,-,1,4.5,0,0,0,-,-,mult_pct,str,0,-,-,0,-,-,0,mult_pct,0.45,-
arc_reload,1,apply,-,0,0,0,0,0,-,arc_reload,effect_value,agi,0,duration_sec,vit,0,-,-,0,duration_sec,0.8,-
arc_quickdraw,1,apply,-,0,0,0,0,0,-,arc_quickdraw,effect_value,agi,0,duration_sec,vit,0,-,-,0,duration_sec,1,-
arc_fulldraw,1,apply,-,0,0,0,0,0,-,arc_fulldraw,effect_value,agi,0,duration_sec,vit,0,-,-,0,duration_sec,1,-
arc_chaindraw,1,apply,-,0,0,0,0,0,-,arc_chaindraw,effect_value,agi,0,duration_sec,vit,0,-,-,0,duration_sec,1,-
arc_huntersmark,1,apply,-,0,0,0,0,0,-,arc_huntersmark,effect_value,cha,0,duration_sec,vit,0,-,-,0,effect_value,0.02,-
arc_supportingfire,1,apply,-,0,0,0,0,0,-,arc_supportingfire,effect_value,ldr,0,duration_sec,vit,0,-,-,0,duration_sec,1,-
arc_trap,1,hit,-,1,2.0,0,0,0,-,-,mult_pct,str,0,-,-,0,-,-,0,mult_pct,0.2,-
pri_aegis,1,apply,-,0,0,0,0,0,-,pri_aegis,effect_value,cha,0,duration_sec,vit,0,-,-,0,effect_value,0.045,-
pri_benediction,1,heal,-,0,2.4,0,0,0,-,-,mult_pct,cha,0,-,-,0,-,-,0,mult_pct,0.24,-
pri_resurrection,1,heal,-,0,3.0,0,0,0,-,-,mult_pct,cha,0,-,-,0,-,-,0,mult_pct,0.3,⚠ 레벨 = 일어날 때의 HP — 지금 효과 줄이 회복 근사라 회복량을 민다
pri_punishment,1,hit,-,1,0.56,0,0,0,fixed,-,mult_pct,int,0,-,-,0,-,-,0,mult_pct,0.056,고정 피해 · 배율 · 레벨당 ×0.4 (1.4 · 0.14 → 10-06 · R221)
pri_atonement,1,apply,-,0,0,0,0,0,-,pri_atonement,effect_value,cha,0,duration_sec,vit,0,-,-,0,duration_sec,1.2,-
pri_excommunication,1,hit,-,1,1.04,0,0,0,fixed,-,mult_pct,int,0,-,-,0,-,-,0,mult_pct,0.104,고정 피해 · 배율 · 레벨당 ×0.4 (2.6 · 0.26 → 10-06 · R221)
pri_diamondbody,1,apply,-,0,0,0,0,0,-,pri_diamondbody,effect_value,vit,0,duration_sec,vit,0,-,-,0,duration_sec,1,-
pri_sweep,1,hit,-,1,0.52,0,0,0,fixed,-,mult_pct,str,0,-,-,0,-,-,0,mult_pct,0.052,고정 피해 · 배율 · 레벨당 ×0.4 (1.3 · 0.13 → 10-06 · R221)
pri_counter,1,apply,-,0,0,0,0,0,-,pri_counter,effect_value,vit,0,duration_sec,vit,0,-,-,0,effect_value,0.035,⚠ 레벨 = 반격 피해 — 지금 효과 줄이 배리어 근사라 그 값을 민다
