skill_id,owner_kind,owner_id,name_kr,name_en,cast,target,cool_sec,cast_condition,cond_value,tags,priority,icon,desc_kr,desc_en,innate_pool,amulet_pool,starter_pool,note
war_bash,job,warrior,배시,Bash,turn,enemy_single,15,-,0,-,1,⚔,적을 강하게 내리쳐 피해를 입힌다,A heavy blow that smashes one foe,1,1,1,장쿨 단일 강타 — ⚠값 임시(skill_design §12-8 「값 전부 미발행」) · 예산 자는 [balance.csv:skill_dps_budget_pct]
war_doubleswing,job,warrior,더블스윙,Double Swing,turn,enemy_single,8,-,0,-,2,🗡,적을 두 번 공격해 피해를 입힌다,Strikes one foe twice,1,1,1,중쿨 단일 2타 — ⚠값 임시. 타격마다 적중·치명을 따로 굴린다
war_quake,job,warrior,어스스플릿,Earthsplit,turn,enemy_all,13,-,0,-,3,💥,땅을 강하게 내려쳐 적 전원에게 피해를 입힌다,Splits the ground and hits every enemy,1,1,0,광역 — ⚠값 임시. 광역은 대상 수 K 가 예산 자에 없다(skill_design §7)
war_leap,job,warrior,리프 어택,Leap Attack,turn,enemy_all,11,-,0,-,4,🌀,적진 사이로 뛰어들어 적 전원에게 피해를 입힌다,Leaps into the enemy line and hits every enemy,1,1,0,광역 — ⚠값 임시. 지각균열과 쿨·배율로만 갈린다
war_taunt,job,warrior,타운트,Taunt,turn,self,20,buff_absent,0,shout|control,5,💢,자기를 공격하도록 적들을 유도한다,Goads every foe into attacking you,1,0,0,창 동안 모든 적의 단일 대상 선택이 시전자로 고정 — 09-08 기본 타겟팅(균등 무작위)의 유일한 예외. 09-09 로 기사 → 전사 · 09-10 스킬 계수 — 적에게 거는 창이라 매력 · 수치가 없어 지속을 민다
war_shout,job,warrior,워 크라이,War Cry,turn,party_adjacent,18,buff_absent,0,shout,6,📣,양 옆 아군의 방어력과 모든 저항을 한동안 올린다,Raises the guard of the allies beside you for a while,1,1,0,함성 창 — 「양 옆」은 party 배열의 인접 자리다(위치 개념은 미확정 · skill_design §7). guard_pct 한 채널이 방어값 %와 전 저항 %p 를 함께 민다 — 한 행이 채널 하나만 들어서다
war_battleorders,job,warrior,배틀오더스,Battle Orders,turn,party_adjacent,22,buff_absent,0,shout,7,🎺,양 옆 아군의 최대 체력을 한동안 올린다,Raises the max HP of the allies beside you for a while,1,1,0,함성 창 — 창이 열릴 때 늘어난 만큼 현재 HP 도 함께 오르고 닫힐 때 넘친 HP 는 깎인다
kni_smite,job,knight,스마이트,Smite,turn,enemy_single,15,-,0,-,1,🛡,방패로 적을 후려쳐 피해를 입힌다,Bashes one foe with the shield,1,1,1,장쿨 단일 강타 — ⚠값 임시. 배시·스나이프·파이어볼과 형태가 같다(skill_design §7 「장쿨 단일 강타 중복」)
kni_charge,job,knight,차지,Charge,turn,enemy_single,9,-,0,-,2,🐎,적에게 돌진해 부딪히며 피해를 입힌다,Charges into one foe,1,1,0,중쿨 단일 — ⚠값 임시 · 09-10 스킬 계수 — 확률로 터지는 추가 피해(proc_chance_pct·proc_mult_pct · 치명과 따로 굴려 겹친다 · 직격에만) · 운이 확률을 민다(배수 고정) · ⚠ 확률 10·배수 200 은 임시 · 확률은 코드가 100 에서 자르고 기획 상한은 미결(skill_design §13-4)
kni_rush,job,knight,러시,Rush,turn,enemy_rotate,9,-,0,-,3,🌪,적들 사이를 돌며 정해진 타수를 나눠 꽂는다,Rides through the enemies and splits a fixed number of blows,1,1,1,타수 고정·대상 순환 — 대상이 모자라면 남는 타수가 같은 대상에 겹친다. 기사의 유일한 광역이고 K 무관이라 보스 단독전에서도 산다 · 09-10 스킬 계수 — 타수(hits)를 민첩이 민다 · ⚠ 정수라 계단식 · 민첩에 따라 rng 소비 횟수가 달라진다(INTERFACE rng 순서 계약)
kni_duel,job,knight,듀얼,Duel,turn,enemy_hp_max,14,-,0,control,4,🤺,적 하나를 지목해 라운드가 끝날 때까지 자기만 노리게 하고 그동안 받는 피해를 줄인다,Marks one foe to attack only you until the round ends while you take less damage,1,0,0,지목은 생존 적 중 HP 최대 하나 — rng 를 안 쓴다. 「라운드 종료까지」는 적 배열이 라운드마다 갈리는 것으로 근사했다(창 999초 · skill_design §7) · 09-10 스킬 계수 — effect_value 가 기사 자신이 받는 피해 감소 %다 · 건강이 수치를 민다 · ⚠ 값 20 은 임시 · 옛 매력 슬롯은 밀 항이 없어 비웠다 · 2026-09-24 R151 — 하는 일 줄 둘(① 지목 kni_duel ② 시전자 피해 감소 kni_duel_guard · 같은 until · 라운드가 바뀌면 닫힌다 = round_end close) · 대상 enemy_hp_max(적에게 거는 창의 「HP 최대」 — enemy_single 은 공격 뜻만)
kni_enchant,job,knight,인챈트,Enchant,turn,self,16,buff_absent,0,boost,5,🔥,한동안 무기에 화염 피해를 더한다,Adds fire damage to your weapon for a while,1,1,0,평타 부여 — 창 동안 기본 공격마다 화염 추가타 1회. 스킬 타격에는 안 붙는다(⚠ 기획의 「무기에」와 범위가 다를 수 있다)
kni_might,job,knight,마이트,Might,aura,party,0,-,0,aura,6,⚔,파티 전원의 피해를 올린다,Raises the damage of the whole party,1,0,0,오오라 — 쿨 없이 상시. 액티브 칸을 안 먹고 전투 시작에 걸린다. 켤 것을 고르는 화면이 없어 칸 순서 첫 오오라가 켜진다(⚠ 임시)
kni_fanaticism,job,knight,파나티시즘,Fanaticism,aura,party,0,-,0,aura,7,🔥,파티 전원의 공격 속도를 올린다,Raises the attack speed of the whole party,1,0,0,오오라 — period_pct 는 다음 차례 예약부터 걸린다(INTERFACE §2-6)
kni_defiance,job,knight,디파이언스,Defiance,aura,party,0,-,0,aura,8,🛡,파티 전원이 받는 피해를 줄인다,Reduces the damage the whole party takes,1,0,0,오오라 — 피해 감소는 감쇠 뒤 곱이고 원천별로 각각 곱한다(battle_design §9-3). 전사 외침(방어·저항)과 채널이 갈린다
arc_snipe,job,archer,스나이프,Snipe,turn,enemy_single,15,-,0,-,1,🎯,한 대상을 노려 크게 쏜다,A single aimed shot for heavy damage,1,1,1,장쿨 단일 강타 — 확정 치명은 08-27 폐기(치명은 마스터리 몫)
arc_rapid,job,archer,래피드 샷,Rapid Shot,turn,enemy_single,5,-,0,-,2,💨,한 대상에게 화살을 연달아 박는다,Pours repeated arrows into one target,1,1,1,단쿨 단일 다단 — 타격마다 적중·치명을 따로 굴린다·흡혈·반사도 타격마다 · 09-10 스킬 계수 — 타수(hits)를 민첩이 민다 · ⚠ 정수라 계단식 · 민첩에 따라 rng 소비 횟수가 달라진다(INTERFACE rng 순서 계약)
arc_multishot,job,archer,멀티샷,Multishot,turn,enemy_all,9,-,0,-,3,🏹,화살을 흩뿌려 적 전원을 맞힌다,Scatters arrows across every enemy,1,1,0,광역 — 생존 적 전원에게 각각 독립 직격 · 09-10 스킬 계수 — 주 대상(전열 생존자 중 배열 첫 번째 · rng 0회)은 온전하고 나머지는 decay_pct 만큼 약해진다 · 약화 비율을 민첩이 민다(슬롯이 민 몫은 [balance.csv:skill_decay_cap_pct] 에서 멈춘다) · ⚠ 값 40 은 임시
arc_guided,job,archer,가이디드 애로우,Guided Arrow,turn,enemy_highest_def,10,-,0,-,4,🏹,가장 방어력이 높은 적을 꿰뚫어 방어력을 깎는다,Pierces the best-armored foe and strips its armor,1,1,0,타격마다 그 대상의 방어값이 decay_pct 만큼 줄어든다. 대상 선택은 결정론(방어 최대 · 동률이면 배열 순)이라 rng 를 안 쓴다 — 09-08 타겟팅 확정의 예외 둘째(skill_design §7) · 09-10 스킬 계수 — 다단 → 단타(hits 3 → 1 · 배율 90 → 270 으로 시전 1회 세기 유지 · ⚠ 임시) · 방어 감소(decay_pct)를 민첩이 민다(슬롯이 민 몫은 [balance.csv:skill_decay_cap_pct] 에서 멈춘다) · 감소는 대상 defBase 에 영구 누적이라 단타로도 산다
arc_pierce,job,archer,피어싱 샷,Piercing Shot,turn,self,18,buff_absent,0,boost,5,➡,한동안 모든 공격이 적 전원을 꿰뚫는다,Your shots pierce every enemy for a while,1,1,0,평타 부여 — 창 동안 기본 공격이 단일에서 광역이 되고 배율이 effect_value % 가 된다. 스킬은 제 대상 그대로다
arc_poison,job,archer,포이즌 애로우,Poison Arrow,turn,self,16,buff_absent,0,boost,6,🧪,한동안 화살에 독 피해를 더한다,Adds poison damage to your arrows for a while,1,1,0,평타 부여 — 독 추가타 1회. 도트가 아니다(틱 피해 채널 미도입 · skill_design §7) · 전직 레인저와의 이름 충돌은 2026-09-24 해소(레인저가 독을 놓았다 · skill_design §10-4)
mag_fireball,job,mage,파이어볼,Fireball,turn,enemy_single,15,-,0,-,1,🔥,불덩이를 던져 한 대상을 태운다,Hurls a ball of flame at one foe,1,1,1,장쿨 단일 강타 — 원소 태그 화염(무기 원소 무시)
mag_inferno,job,mage,인페르노,Inferno,turn,enemy_all,14,-,0,-,2,🌋,불길을 쏟아내 적 전원을 태운다,Pours flame over every enemy,1,1,0,광역 화염 — ⚠값 임시
mag_iceblast,job,mage,아이스 블라스트,Ice Blast,turn,enemy_single,5,-,0,-,3,❄,한 대상을 얼려 붙인다,Freezes a single target,1,1,1,단쿨 단일 + 결빙 — 타격 줄이 맞은 대상에게 걸린 효과 freeze(공속 감소)를 건다(battle_design §2-4 · 2026-09-28 R177) · 09-10 스킬 계수 — 결빙 지속은 매력이 민다(타격 줄의 duration_sec 슬롯 · 계수 0)
mag_frostnova,job,mage,프로스트 노바,Frost Nova,turn,enemy_all,12,-,0,-,4,🌨,냉기가 사방으로 퍼져 적 전원을 얼린다,Cold bursts outward and freezes every enemy,1,1,0,광역 냉기 + 결빙 — ⚠값 임시. 맞은 적마다 아이스 블라스트와 같은 결빙(freeze · 창 하나)을 건다(battle_design §2-4 · 2026-09-28 R177) · 09-10 스킬 계수 — 결빙 지속은 매력이 민다(타격 줄의 duration_sec 슬롯 · 계수 0)
mag_lightning,job,mage,라이트닝,Lightning,turn,enemy_single,9,-,0,-,5,⚡,번개를 내리꽂아 한 대상을 지진다,Calls lightning down on one foe,1,1,1,중쿨 단일 번개 — ⚠값 임시. ⚠전직 뇌전술사 ① 과 이름이 같다(skill_design §12-6 — 전직 쪽을 고친다) · 09-10 스킬 계수 — 고정 확률로 터지는 추가 피해(proc_chance_pct·proc_mult_pct · 치명과 따로 굴려 겹친다 · 직격에만) · 운이 배수를 민다(확률 고정) · ⚠ 확률 10·배수 200 은 임시 · 배수 상한 미결(skill_design §13-4)
mag_chain,job,mage,체인 라이트닝,Chain Lightning,turn,enemy_chain,9,-,0,-,6,🌩,번개가 적을 타고 옮겨 간다 — 뒤로 갈수록 약해진다,Lightning leaps from foe to foe and weakens as it goes,1,1,0,광역 감쇠형 — 생존 적 전원을 순서대로 타격하고 순서마다 배율이 decay_pct 만큼 곱으로 줄어든다 · 09-10 스킬 계수 — 감쇠(decay_pct)를 민첩이 민다(슬롯이 민 몫은 [balance.csv:skill_decay_cap_pct] 에서 멈춘다) · 고정 확률로 터지는 추가 피해(proc_chance_pct·proc_mult_pct) · 운이 배수를 민다 · 슬롯 셋이 다 찼다 · ⚠ 확률 10·배수 200 은 임시 · 배수 상한 미결(skill_design §13-4)
mag_focus,job,mage,포커스,Focus,turn,self,16,buff_absent,0,boost,7,🔮,한동안 자신의 마법 피해를 끌어올린다,Raises your own magic damage for a while,1,1,0,자기 창 — atk_pct 는 상시 % 와 같은 괄호에 덧셈이라 물리·마법을 함께 민다(battle_design §9-2). 마법 전용 채널은 미발행
mag_frozenwall,job,mage,프로즌 월,Frozen Wall,turn,self,20,-,0,summon,8,🧊,얼음 벽을 세워 적의 공격을 대신 받게 한다,Raises a wall of ice that soaks enemy attacks,1,0,0,소환 — 시전자 최대 HP 의 mult_pct % 를 HP 로 갖는 유닛. 행동하지 않고 대상 풀에만 들어간다. 라운드가 끝나면 사라진다. 적 대상 굴림의 모집단이 커진다(INTERFACE §5-2)
pri_judgment,job,priest,심판,Judgment,turn,enemy_single,9,-,0,-,1,⚖,한 대상에게 심판의 빛을 내린다,Brings judgment down on one target,1,1,1,중쿨 단일 — 원소 태그 없음 = 기본 공격과 같은 규칙이라 원소 옵션이 없으면 물리다(09-15 · battle_design §2-1). 사제의 유일한 딜이다(skill_design §12-7 ⚠ 광역 딜 0)
pri_heal,job,priest,힐링 라이트,Healing Light,turn,party,16,ally_hp_below,0.75,restore,2,✚,파티 전원의 HP 를 되돌린다,Restores HP to the whole party,1,1,1,파티 회복 — 전원에게 마법 데미지 × 배율. HP 비율이 임계 미만인 아군이 있을 때만 준비로 친다
pri_grace,job,priest,그레이스,Grace,turn,party,18,buff_absent,0,blessing,3,🕊,모든 아군의 피해를 한동안 끌어올린다,Lifts the whole party damage for a while,1,1,0,파티 창 — 09-09 로 전사 함성에서 사제 축복으로 옮겨 왔다. 같은 stat 의 서로 다른 창은 덧셈이다
pri_haste,job,priest,헤이스트,Haste,turn,party,20,buff_absent,0,blessing,4,🌬,파티 전원의 공격 속도를 한동안 올린다,Quickens the whole party for a while,1,1,0,파티 창 — 지속 동안 파티 전원 행동 주기 감소 %. 다음 차례 예약부터 적용
pri_cure,job,priest,힐,Heal,turn,ally_single,8,ally_hp_below,0.9,restore,5,💚,파티원 하나의 HP 를 회복시킨다,Restores HP to one ally,1,1,0,단일 회복 — 대상은 HP 비율 최저 아군이다(결정론 · rng 0회 · 사용자 확정 2026-09-09)
pri_regen,job,priest,프레이어 오브 리제너레이션,Prayer of Regeneration,turn,party,20,buff_absent,0,blessing,6,🌿,한동안 파티 전원의 HP 재생을 크게 올린다,Greatly raises party HP regen for a while,1,1,0,축복 창 — HoT 가 아니라 재생 스탯 창이다(09-07 확정 구조에 얹는다 · skill_design §12-7). 재생 밑수가 0 인 유닛에게는 효과가 없다
pri_penitence,job,priest,페니턴스,Penitence,turn,enemy_all,18,-,0,curse,7,⛓,한동안 적 전원의 데미지를 낮춘다,Lowers the damage of every enemy for a while,1,1,0,적에게 거는 창 — 음수 버프로 구현했다(사용자 확정 2026-09-09 D1). 기획의 「새 채널」과 달리 기존 atk_pct 창을 반대로 쓴다 · 09-10 스킬 계수 — 적에게 거는 창은 매력이 한 항만 민다 · 수치가 있어 수치 · 지속은 고정
pri_bind,job,priest,바인드,Bind,turn,enemy_all,20,-,0,curse,8,🕸,한동안 적 전원의 공격 속도를 낮춘다,Slows every enemy for a while,1,1,0,적에게 거는 창 — 음수 period_pct. 적 주기가 늘면 적 스킬 예산이 함께 움직인다(skill_design §12-7 ⚠) · 09-10 스킬 계수 — 적에게 거는 창은 매력이 한 항만 민다 · 수치가 있어 수치 · 지속은 고정
mon_summon_goblin,monster,-,고블린 소환,Summon Goblin,turn,self,20,band_missing,0,summon,1,👺,고블린을 소환한다,Summons goblins,0,0,0,몬스터 전용(skill_design §12-9) — 시전자의 무리 중 서 있지 않은 것(아직 안 나왔거나 쓰러진 것)을 한 번에 전부 세운다 · 쿨 ⚠제안(사용자 「길게」 · 2026-09-18)
mon_selfdestruct,monster,-,자폭,Self-Destruct,event,enemy_all,0,on_death,0,sacrifice,2,☠,쓰러질 때 터져 적 전원에게 피해를 입힌다,Explodes on death and damages every enemy,0,0,0,몬스터 전용(skill_design §12-9) — 쓰러지는 순간 한 번 터진다 · 비직격(battle_design §9-6)이라 적중·치명·추가 피해를 안 받고 흡혈·반사를 유발하지 않는다 · kind=indirect 와 cast_condition=on_death 는 이 행이 여는 새 값이다 · ⚠값 임시 — 1-3 누적 소모 컨셉(개당은 따끔한 수준 · 9라운드 누적으로 아프게)이라 캘리브레이션 몫 · 방어·저항을 안 받는 고정 피해다(확정 2026-09-21 사용자 · battle_design §9-6) · 스케일 슬롯은 비운다 — 데미지 슬롯이 없어 능력치 계수가 1 이고(몬스터도 계수를 탄다 · 2026-09-22) `mon_summon_goblin` 과 같은 모양이다
war_ragnarok,advance,berserker,라그나로크,Ragnarok,turn,self,25,buff_absent,0,boost|transform,1,😈,한동안 자신의 공격력을 크게 끌어올린다,Greatly raises own attack for a while,0,0,0,변신(액티브 스킬 봉인) + 데미지·공격속도·방어력 상승 원안 — ⚠근사: 여러 줄 스킬은 결투(kni_duel) 하나뿐이라는 로드 검사(test.js) 아래 한 줄만 쓴다 · 스킬 봉인·공격속도·방어력 상승 장치가 없어 atk_pct 한 창(데미지)만 반영(skill_design §10-2)
war_berserk,advance,berserker,버서크,Berserk,turn,self,20,buff_absent,0,boost|sacrifice,2,🩸,한동안 자신의 공격력을 크게 끌어올린다,Greatly raises own attack for a while,0,0,0,⚠근사 — 원래는 타격마다 HP 소모 + 다른 액티브 스킬 데미지 상승 · HP 소모 장치가 없어 자기 공격력 상승(atk_pct)만 반영(skill_design §10-2)
war_mutualruin,advance,berserker,동귀어진,Mutual Destruction,turn,enemy_single,16,-,0,sacrifice,3,💀,자신의 HP를 크게 소모해 적 하나에게 필사의 일격을 가한다,Spends a huge portion of own HP to strike one foe with a desperate blow,0,0,0,⚠근사 — HP 코스트 장치가 없어 대형 배율 단일강타로 대신함(HP 소모 표현 생략) · 영문명은 기획서에 없어 의미역(mutual destruction)으로 옮김 · DPS 예산 대역 안에 들도록 배율 임시조정(skill_design §10-2)
war_whirlwind,advance,barbarian,휠윈드,Whirlwind,turn,enemy_rotate,11,-,0,-,1,🔃,무기를 휘둘러 적 여러 명을 여러 번 벤다,Swings the weapon to strike several foes several times,0,0,0,⚠근사 — 다수 × 다단 그대로 순환 다단(enemy_rotate)으로 구현(skill_design §10-2)
war_thorswrath,advance,barbarian,토르의 분노,Thor's Wrath,turn,enemy_highest_def,22,-,0,-,2,🔨,방어력이 가장 높은 적에게 강력한 일격을 가한다,Delivers a mighty blow to the most heavily armored foe,0,0,0,⚠근사 — 원래는 체력이 가장 많은 적 · 그런 공격 대상 장치가 없어 기존 방어 최댓값 대상(enemy_highest_def · decay 0)으로 대신함(skill_design §10-2)
war_shockwave,advance,barbarian,쇼크웨이브,Shockwave,turn,enemy_all,15,-,0,-,3,🔊,땅을 강타해 충격파로 적 전원에게 피해를 입힌다,Slams the ground and sends a shockwave through every enemy,0,0,0,기본 어스스플릿과 같은 모양(경고 후 사용자 선택 · skill_design §10-2) — 노드(슬로우·스턴)는 이번에 안 옮긴다
war_lionsroar,advance,vanguard,사자후,Lion's Roar,turn,enemy_all,13,-,0,shout,1,📯,포효를 내질러 적 전원에게 피해를 입힌다,Lets out a roar that damages every enemy,0,0,0,함성(§1-5) — 기본 효과만(skill_design §10-2)
war_command,advance,vanguard,호령,Command,turn,party,18,buff_absent,0,shout,2,🎖,함성으로 파티 전원의 피해를 한동안 끌어올린다,A rousing shout that raises the whole party's damage for a while,0,0,0,함성 창 — war_shout·pri_grace 와 같은 장치(atk_pct)(skill_design §10-2)
war_intimidate,advance,vanguard,일갈,Intimidate,turn,enemy_all,19,-,0,shout|curse,3,🗯,함성으로 적 전원의 피해를 한동안 낮춘다,A commanding shout that lowers every enemy's damage for a while,0,0,0,적에게 거는 창 — pri_penitence 와 같은 장치(음수 atk_pct)(skill_design §10-2)
kni_lastbastion,advance,guardian,최후의 보루,Last Bastion,turn,party,18,buff_absent,0,blessing,1,🧱,한동안 파티 전원이 받는 피해를 줄인다,Reduces damage the whole party takes for a while,0,0,0,⚠근사 — 원래는 아군 피해 일부를 대신 입는 전가(轉嫁) · 전가 장치가 없어 파티 전체 dr_pct 창으로 대신함(skill_design §10-3)
kni_unbreakablewill,advance,guardian,꺾을 수 없는 의지,Unbreakable Will,turn,self,20,buff_absent,0,boost,2,🗿,한동안 자신이 받는 피해를 크게 줄인다,Greatly reduces damage taken by self for a while,0,0,0,⚠근사 — 원래는 맞을 때마다 쌓이는 스택형 감소(최대 n겹) · 스택 장치가 없어 고정값 dr_pct 로 대신함(skill_design §10-3)
kni_divinejudgment,advance,guardian,신성한 심판,Divine Judgment,turn,self,22,buff_absent,0,boost,3,🌟,한동안 자신에게 두꺼운 보호막을 두른다,Wraps self in a thick shield for a while,0,0,0,⚠근사 — 원래는 반사(받은 피해 일부를 공격자에게 되돌림) · 반사 채널이 없어 자기 배리어(barrier_pct)로 대신함(skill_design §10-3)
kni_unyieldingoath,advance,paladin,불굴의 맹세,Unyielding Oath,turn,party,24,buff_absent,0,blessing,1,🙏,한동안 파티 전원에게 보호막을 두른다,Wraps the whole party in a shield for a while,0,0,0,⚠근사 — 원래는 치명적 일격 1회 무효 · 그런 장치가 없어 파티 전체 배리어(barrier_pct)로 대신함(skill_design §10-3)
kni_holywar,advance,paladin,성전,Holy War,turn,party,22,buff_absent,0,blessing,2,🔥,한동안 파티 전원에게 보호막을 두른다,Wraps the whole party in a shield for a while,0,0,0,⚠근사 — 원래는 배리어 + 창이 끝날 때 남은 배리어를 화염 피해로 폭발 · 폭발 장치가 없어 배리어 부여만 반영(skill_design §10-3)
kni_vow,advance,paladin,서약,Vow,turn,party,20,buff_absent,0,blessing,3,💗,한동안 파티 전원의 최대 체력을 올리고 그만큼 회복시킨다,Raises the whole party's max HP for a while and heals for the same amount,0,0,0,war_battleorders 와 같은 장치(hp_max_pct)(skill_design §10-3)
kni_retribution,advance,crusader,응징,Retribution,turn,self,18,buff_absent,0,boost,1,🔱,한동안 자신의 공격력을 크게 끌어올린다,Greatly raises own attack for a while,0,0,0,⚠근사 — 원래는 아군이 맞을 때마다 쌓이는 스택형 피해 증가(최대 n겹) · 스택 장치가 없어 고정값 atk_pct 로 대신함(skill_design §10-3)
kni_condemnation,advance,crusader,단죄,Condemnation,turn,enemy_single,16,-,0,-,2,☠,적 하나에게 강력한 단죄의 일격을 가한다,Delivers a mighty blow of condemnation to one foe,0,0,0,⚠근사 — 원래는 적 HP 낮을수록 배율 급증(임계 스케일) · 그런 장치가 없어 고정 대형 배율 단일강타로 대신함(skill_design §10-3)
kni_showdown,advance,crusader,결전,Showdown,turn,self,20,buff_absent,0,boost,3,🎯,한동안 자신의 공격력을 크게 끌어올린다,Greatly raises own attack for a while,0,0,0,⚠근사 — 원래는 지목한 적에게 피해 증가·다른 적에겐 감소(차등 피해) · 대상별 차등 장치가 없어 자기 전체 공격력 상승(atk_pct)으로 대신함(skill_design §10-3)
mag_meteor,advance,fire_mage,메테오,Meteor,turn,enemy_single,18,-,0,-,1,🌠,적 하나에게 강력한 화염 피해를 입힌다,Deals heavy fire damage to one foe,0,0,0,⚠근사 — 원래는 6자리 중 무작위 대상(전열 우선 무시) · 그런 공격 대상 장치가 없어 기존 단일 대상(enemy_single)으로 대신함(skill_design §10-1)
mag_firewall,advance,fire_mage,파이어월,Firewall,turn,enemy_all,16,-,0,-,2,🔥,불의 장벽을 세워 적 전원에게 화염 피해를 입힌다,Raises a wall of fire that deals fire damage to every enemy,0,0,0,⚠근사 — 원래는 라운드를 넘겨 남는 지속 피해(자리형) · 지속 장치가 없어 즉시 광역 피해로 대신함(skill_design §10-1)
mag_hydra,advance,fire_mage,히드라,Hydra,turn,enemy_rotate,14,-,0,-,3,🐍,적을 여러 번 물어뜯어 화염 피해를 입힌다,Bites at foes repeatedly for fire damage,0,0,0,⚠근사 — 원래는 창 동안 6자리 중 무작위 적을 지속 타격 · 자동시전 장치가 없어 즉시 순환 다단(enemy_rotate 3타)으로 대신함(skill_design §10-1)
mag_frozenorb,advance,frost_mage,프로즌 오브,Frozen Orb,turn,enemy_single,12,-,0,-,1,🔵,적 하나에게 얼음 구슬을 던져 강한 냉기 피해를 입힌다,Hurls an orb of ice at one foe for heavy cold damage,0,0,0,⚠근사 — 원래는 전열 가운데 자리(위치 기반) 대상 · 자리 타겟팅 장치가 없어 기존 단일 대상(enemy_single)으로 대신함(skill_design §10-1)
mag_blizzard,advance,frost_mage,블리자드,Blizzard,turn,enemy_all,15,-,0,-,2,🌥,구름을 일으켜 적 전원에게 냉기 피해를 입힌다,Summons a cloud that deals cold damage to every enemy,0,0,0,⚠근사 — 원래는 라운드를 넘겨 남는 구름(지속 광역) · 자리형 지속 장치가 없어 즉시 광역 피해로 대신함(skill_design §10-1)
mag_frostburst,advance,frost_mage,프로스트 버스트,Frost Burst,turn,enemy_single,10,-,0,-,3,🧊,적 하나에게 냉기 피해를 입히고 확률로 추가 피해를 터뜨린다,Deals cold damage to one foe with a chance to burst for extra damage,0,0,0,⚠근사 — 원래는 스택을 쌓아 최대치에서 터뜨리는 확정 폭발 · 스택 장치가 없어 확률형 추가 피해(proc_chance·proc_mult)로 대신함(skill_design §10-1)
mag_thunderstrike,advance,thunder_mage,썬더 스트라이크,Thunder Strike,turn,enemy_single,10,-,0,-,1,⚡,적 하나에게 강한 번개 피해를 입히고 확률로 추가 피해가 터진다,Deals strong lightning damage to one foe with a chance for extra damage,0,0,0,⚠근사 — 원래는 추가 피해가 터질 때마다 한 번 더 내려치는 재발동(최대 n회) · 재귀 트리거 장치가 없어 단발 확률형 추가 피해로 대신함(skill_design §10-1)
mag_nova,advance,thunder_mage,노바,Nova,turn,enemy_all,7,-,0,-,2,⛈,번개를 뿌려 적 전원에게 피해를 입힌다,Scatters lightning to damage every enemy,0,0,0,쿨이 짧아 자주 쓰는 광역(skill_design §10-1)
mag_staticfield,advance,thunder_mage,정전장,Static Field,turn,enemy_single,13,-,0,-,3,🔌,적 하나에게 정전기 피해를 입힌다,Deals a jolt of static damage to one foe,0,0,0,⚠근사 — 기획 미정(§10-1 「정전장 전체 미정」) · 임시로 단일 번개 강타를 채웠다 — 원안(현재 HP 비율 피해)은 하한 장치가 없어 채택하지 않았다
arc_trueaim,advance,sniper,정조준,True Aim,turn,self,20,buff_absent,0,boost,1,🔭,한동안 자신의 피해를 크게 끌어올린다,Greatly raises own damage for a while,0,0,0,⚠근사 — 여러 줄 스킬은 결투(kni_duel) 하나뿐이라는 로드 검사(test.js) 아래 한 줄만 쓴다 · 원래는 스킬 피해만 증가 + 공격 속도 감소 · 스킬 전용 채널·주기 감소 둘 다 생략하고 전체 atk_pct 한 창만 반영(skill_design §10-4)
arc_singlestrike,advance,sniper,일격,Single Strike,turn,enemy_single,18,-,0,-,2,☄,적 하나에게 초대형 일격을 가한다,Delivers a massive single strike to one foe,0,0,0,skill_design §10-4
arc_reload,advance,sniper,재장전,Reload,turn,self,18,buff_absent,0,boost,3,🔁,한동안 자신의 공격 속도를 끌어올린다,Raises own attack speed for a while,0,0,0,⚠근사 — 원래는 스킬로 적을 쓰러뜨리면 그 스킬 쿨타임 초기화(최대 n회) · 처치 트리거 장치가 없어 자기 공속 상승(period_pct)으로 대신함(skill_design §10-4)
arc_quickdraw,advance,bowmaster,퀵 드로우,Quick Draw,turn,self,20,buff_absent,0,boost,1,⚡,한동안 자신의 공격 속도를 크게 올린다,Greatly raises own attack speed for a while,0,0,0,⚠근사 — 여러 줄 스킬은 결투(kni_duel) 하나뿐이라는 로드 검사(test.js) 아래 한 줄만 쓴다 · 원래는 공격 주기를 짧은 값으로 고정 + 평타 피해 감소 · 고정 장치와 평타 감소 둘 다 생략하고 비율 증가(period_pct) 한 창만 반영(skill_design §10-4)
arc_fulldraw,advance,bowmaster,풀 드로우,Full Draw,turn,self,20,buff_absent,0,boost,2,💯,한동안 평타 피해를 크게 올린다,Greatly raises basic attack damage for a while,0,0,0,⚠근사 — 원래는 평타가 반드시 치명타 · 확정 치명 장치가 없어 평타 피해 상승(atk_pct)으로 대신함(skill_design §10-4)
arc_chaindraw,advance,bowmaster,체인 드로우,Chain Draw,turn,self,18,buff_absent,0,boost,3,🌐,한동안 모든 평타가 적 전원을 꿰뚫는다,For a while every basic attack pierces all enemies,0,0,0,기본 피어싱 샷과 같은 장치(attack_splash) — skill_design §10-4 「체인 드로우 ↔ 피어싱 샷이 같은 스킬」
arc_huntersmark,advance,ranger,사냥 표식,Hunter's Mark,turn,enemy_all,18,-,0,curse,1,🔻,적 전원의 피해를 한동안 낮춘다,Lowers the damage dealt by every enemy for a while,0,0,0,⚠근사 — 원래는 체력이 가장 많은 적 하나가 받는 피해 증가 · 「하나만 · 받는 피해 증가」 조합은 툴팁 문장 틀이 없어(tip.js) 기존 문장 틀이 받는 적 전원 대상 · atk_pct 음수(war_intimidate·pri_penitence 와 같은 장치)로 대신함(skill_design §10-4)
arc_supportingfire,advance,ranger,지원 사격,Supporting Fire,turn,party,18,buff_absent,0,blessing,2,🤝,한동안 파티 전원의 피해를 끌어올린다,Raises the whole party's damage for a while,0,0,0,⚠근사 — 원래는 아군 평타마다 화살이 따라가는 추가 타격 · 트리거 장치가 없어 파티 전체 피해 증가(atk_pct)로 대신함(skill_design §10-4)
arc_trap,advance,ranger,덫,Trap,turn,enemy_single,12,-,0,-,3,🪤,적 하나에게 덫을 걸어 피해를 입힌다,Sets a trap on one foe dealing damage,0,0,0,⚠근사 — 원래는 전열 자리에 까는 지속 덫(라운드를 넘겨 유지 · 밟으면 피해+경직) · 자리형 지속 효과와 경직 장치가 없어 즉시 단일 피해로 대신함 · 쿨은 DPS 예산 대역에 맞춰 조정(skill_design §10-4)
pri_aegis,advance,bishop,이지스,Aegis,turn,party,20,buff_absent,0,blessing,1,🛡,한동안 파티 전원에게 두꺼운 보호막을 씌운다,Wraps the whole party in a thick barrier for a while,0,0,0,⚠근사 — 원래는 HP 비율이 가장 낮은 아군 하나만 대상 · apply+ally_single 조합은 툴팁 문장 틀이 없어(tip.js) 파티 전체 대상(barrier_pct)으로 대신함(skill_design §10-5)
pri_benediction,advance,bishop,베네딕션,Benediction,turn,party,24,ally_hp_below,0.6,restore,2,✨,파티 전원의 HP를 크게 되돌린다,Restores a large amount of HP to the whole party,0,0,0,⚠근사 — 원래는 잃은 체력이 많을수록 크게 회복(비례) · 비례 장치가 없어 고정 대형 회복으로 대신함(skill_design §10-5)
pri_resurrection,advance,bishop,리저렉션,Resurrection,turn,ally_single,30,ally_hp_below,0.3,restore,3,💫,HP 비율이 가장 낮은 아군 하나를 크게 회복시킨다,Greatly restores HP to the ally with the lowest HP percentage,0,0,0,⚠근사 — 원래는 쓰러진 아군을 되살리는 소생(런당 횟수 상한) · 소생 장치가 없어 생존 최저 HP 아군 큰 회복으로 대신함(plan D6 예시 · skill_design §10-5)
pri_punishment,advance,black_priest,천벌,Divine Punishment,turn,enemy_all,16,-,0,-,1,🌑,적 전원에게 천벌을 내려 피해를 입힌다,Calls down divine punishment on every enemy,0,0,0,⚠근사 — 원래는 걸린 디버프·상태이상 수만큼 가산 · 가산 장치가 없어 고정 배율 광역 피해로 대신함(skill_design §10-5)
pri_atonement,advance,black_priest,속죄,Atonement,turn,enemy_all,20,-,0,curse,2,🩸,적 전원을 저주해 피해를 한동안 낮춘다,Curses every enemy and lowers their damage for a while,0,0,0,⚠근사 — 원래는 체력이 가장 많은 적 하나를 저주 + 그 적이 받은 피해의 일부만큼 파티 회복(파티 흡혈) · 흡혈 트리거 장치가 없고 「하나만 저주」는 툴팁 문장 틀이 없어(tip.js) 적 전원 대상 · atk_pct 음수(war_intimidate 와 같은 장치)로 대신함(skill_design §10-5)
pri_excommunication,advance,black_priest,파문,Excommunication,turn,enemy_single,18,-,0,-,3,✖,적 하나에게 파문의 일격을 가한다,Strikes one foe with a blow of excommunication,0,0,0,⚠근사 — 원래는 버프 최다 적을 지목해 버프를 모두 벗기고 벗긴 수만큼 피해(디스펠+가산) · 디스펠 장치가 없어 고정 배율 단일강타로 대신함(skill_design §10-5)
pri_diamondbody,advance,monk,금강,Diamond Body,turn,self,20,buff_absent,0,boost,1,💎,한동안 자신이 받는 피해를 줄인다,Reduces damage taken by self for a while,0,0,0,⚠근사 — 원래는 받는 피해 감소 + 상태이상 저항 · 저항 장치가 없어 dr_pct 만 반영(skill_design §10-5)
pri_sweep,advance,monk,소탕,Sweep,turn,enemy_all,15,-,0,-,2,🥋,봉을 휘둘러 적 전원에게 피해를 입힌다,Sweeps the staff to damage every enemy,0,0,0,⚠근사 — 원래는 전열 적만 대상 · 전열 한정 장치가 없어 생존 적 전원(enemy_all)으로 대신함(skill_design §10-5)
pri_counter,advance,monk,반격,Counter,turn,self,20,buff_absent,0,boost,3,👊,한동안 자신에게 보호막을 두른다,Wraps self in a shield for a while,0,0,0,⚠근사 — 원래는 맞을 때마다 때린 적에게 직격 반격 · 반격 트리거 장치가 없어 자기 배리어(barrier_pct)로 대신함(skill_design §10-5)
