status_id,stat,value,duration_sec,element,round_end,ailment,note
war_taunt,taunt,0,6,-,keep,-,-
war_shout,guard_pct,0.25,10,-,keep,-,-
war_battleorders,hp_max_pct,0.2,12,-,keep,-,-
kni_duel,duel,0.2,999,-,keep,-,결투의 지목(표식 — battle.pickTarget) · 값은 buff 이벤트 v 와 설명창 문장이 읽는다(실제 피해 감소는 kni_duel_guard) · keep — 영웅이 건 지목은 적 배열과 함께 사라진다 · ⚠ 몬스터가 영웅에게 건 지목은 라운드를 넘어 남는다(동작 불변 리팩터라 그대로 · 2026-09-24 R151)
kni_duel_guard,dr_pct,0.2,999,-,close,-,결투의 짝 — 시전자가 받는 피해 감소(결투 둘째 줄이 건다) · close — 라운드가 바뀌면 닫힌다(battle.beginRound) · 값은 지목 행과 같게 둔다(설명창이 지목 행을 읽는다) · 2026-09-24 R151
kni_enchant,onhit_element,0.6,10,fire,keep,-,-
kni_might,atk_pct,0.15,0,-,keep,-,-
kni_fanaticism,period_pct,0.12,0,-,keep,-,-
kni_defiance,dr_pct,0.1,0,-,keep,-,-
arc_pierce,attack_splash,0.7,10,-,keep,-,-
arc_poison,onhit_element,0.5,10,poison,keep,-,-
mag_focus,atk_pct,0.2,8,-,keep,-,-
pri_grace,atk_pct,0.25,8,-,keep,-,-
pri_haste,period_pct,0.2,8,-,keep,-,-
pri_regen,regen_pct,0.6,12,-,keep,-,-
pri_penitence,atk_pct,-0.25,10,-,keep,-,-
pri_bind,period_pct,-0.2,10,-,keep,-,-
war_ragnarok,atk_pct,0.35,10,-,keep,-,-
war_berserk,atk_pct,0.4,8,-,keep,-,-
war_command,atk_pct,0.3,10,-,keep,-,-
war_intimidate,atk_pct,-0.25,10,-,keep,-,-
kni_lastbastion,dr_pct,0.25,10,-,keep,-,-
kni_unbreakablewill,dr_pct,0.3,10,-,keep,-,-
kni_divinejudgment,barrier_pct,0.4,10,-,keep,-,-
kni_unyieldingoath,barrier_pct,0.3,8,-,keep,-,-
kni_holywar,barrier_pct,0.3,12,-,keep,-,-
kni_vow,hp_max_pct,0.2,12,-,keep,-,-
kni_retribution,atk_pct,0.35,10,-,keep,-,-
kni_showdown,atk_pct,0.4,10,-,keep,-,-
arc_trueaim,atk_pct,0.4,10,-,keep,-,-
arc_reload,period_pct,0.3,8,-,keep,-,-
arc_quickdraw,period_pct,0.5,10,-,keep,-,-
arc_fulldraw,atk_pct,0.45,10,-,keep,-,-
arc_chaindraw,attack_splash,0.75,10,-,keep,-,-
arc_huntersmark,atk_pct,-0.2,10,-,keep,-,-
arc_supportingfire,atk_pct,0.2,10,-,keep,-,-
pri_aegis,barrier_pct,0.45,10,-,keep,-,-
pri_atonement,atk_pct,-0.15,12,-,keep,-,-
pri_diamondbody,dr_pct,0.3,10,-,keep,-,-
pri_counter,barrier_pct,0.35,10,-,keep,-,-
freeze,period_pct,-0.25,3,-,keep,freeze,결빙 — 공속 감소(battle_design §2-4) · 아이스 블라스트 · 프로스트 노바의 타격 줄이 맞은 대상에게 건다 · id 가 곧 상태이상 이름(skill_effects.js:AILMENTS) — 어느 스킬이 걸어도 창 하나 · ⚠값 임시 2026-09-28 R177
